file,line,type,commit,author,date,time,timezone,datetime,depth,length
style.css,1,css,23c1eb6b,neildewan7,2025-04-11,15:46:04,-07:00,2025-04-11T15:46:04-07:00,0,4
style.css,2,css,68244cb8,neildewan7,2025-04-16,18:38:41,-07:00,2025-04-16T18:38:41-07:00,1,33
style.css,3,css,68244cb8,neildewan7,2025-04-16,18:38:41,-07:00,2025-04-16T18:38:41-07:00,1,23
style.css,4,css,68244cb8,neildewan7,2025-04-16,18:38:41,-07:00,2025-04-16T18:38:41-07:00,0,0
style.css,5,css,68244cb8,neildewan7,2025-04-16,18:38:41,-07:00,2025-04-16T18:38:41-07:00,0,0
style.css,6,css,68244cb8,neildewan7,2025-04-16,18:38:41,-07:00,2025-04-16T18:38:41-07:00,0,4
style.css,7,css,68244cb8,neildewan7,2025-04-16,18:38:41,-07:00,2025-04-16T18:38:41-07:00,1,23
style.css,8,css,68244cb8,neildewan7,2025-04-16,18:38:41,-07:00,2025-04-16T18:38:41-07:00,1,15
style.css,9,css,68244cb8,neildewan7,2025-04-16,18:38:41,-07:00,2025-04-16T18:38:41-07:00,1,42
style.css,10,css,68244cb8,neildewan7,2025-04-16,18:38:41,-07:00,2025-04-16T18:38:41-07:00,1,13
style.css,11,css,68244cb8,neildewan7,2025-04-16,18:38:41,-07:00,2025-04-16T18:38:41-07:00,1,32
style.css,12,css,68244cb8,neildewan7,2025-04-16,18:38:41,-07:00,2025-04-16T18:38:41-07:00,1,16
style.css,13,css,68244cb8,neildewan7,2025-04-16,18:38:41,-07:00,2025-04-16T18:38:41-07:00,1,23
style.css,14,css,68244cb8,neildewan7,2025-04-16,18:38:41,-07:00,2025-04-16T18:38:41-07:00,0,0
style.css,15,css,68244cb8,neildewan7,2025-04-16,18:38:41,-07:00,2025-04-16T18:38:41-07:00,0,0
style.css,16,css,68244cb8,neildewan7,2025-04-16,18:38:41,-07:00,2025-04-16T18:38:41-07:00,0,3
style.css,17,css,68244cb8,neildewan7,2025-04-16,18:38:41,-07:00,2025-04-16T18:38:41-07:00,1,12
style.css,18,css,68244cb8,neildewan7,2025-04-16,18:38:41,-07:00,2025-04-16T18:38:41-07:00,1,23
style.css,19,css,68244cb8,neildewan7,2025-04-16,18:38:41,-07:00,2025-04-16T18:38:41-07:00,1,25
style.css,20,css,68244cb8,neildewan7,2025-04-16,18:38:41,-07:00,2025-04-16T18:38:41-07:00,1,39
style.css,21,css,68244cb8,neildewan7,2025-04-16,18:38:41,-07:00,2025-04-16T18:38:41-07:00,1,39
style.css,22,css,68244cb8,neildewan7,2025-04-16,18:38:41,-07:00,2025-04-16T18:38:41-07:00,0,0
style.css,23,css,68244cb8,neildewan7,2025-04-16,18:38:41,-07:00,2025-04-16T18:38:41-07:00,0,0
style.css,24,css,68244cb8,neildewan7,2025-04-16,18:38:41,-07:00,2025-04-16T18:38:41-07:00,0,5
style.css,25,css,68244cb8,neildewan7,2025-04-16,18:38:41,-07:00,2025-04-16T18:38:41-07:00,1,6
style.css,26,css,68244cb8,neildewan7,2025-04-16,18:38:41,-07:00,2025-04-16T18:38:41-07:00,1,20
style.css,27,css,68244cb8,neildewan7,2025-04-16,18:38:41,-07:00,2025-04-16T18:38:41-07:00,1,13
style.css,28,css,68244cb8,neildewan7,2025-04-16,18:38:41,-07:00,2025-04-16T18:38:41-07:00,1,17
style.css,29,css,68244cb8,neildewan7,2025-04-16,18:38:41,-07:00,2025-04-16T18:38:41-07:00,1,13
style.css,30,css,68244cb8,neildewan7,2025-04-16,18:38:41,-07:00,2025-04-16T18:38:41-07:00,0,0
style.css,31,css,68244cb8,neildewan7,2025-04-16,18:38:41,-07:00,2025-04-16T18:38:41-07:00,0,0
style.css,32,css,68244cb8,neildewan7,2025-04-16,18:38:41,-07:00,2025-04-16T18:38:41-07:00,0,13
style.css,33,css,68244cb8,neildewan7,2025-04-16,18:38:41,-07:00,2025-04-16T18:38:41-07:00,1,25
style.css,34,css,68244cb8,neildewan7,2025-04-16,18:38:41,-07:00,2025-04-16T18:38:41-07:00,1,25
style.css,35,css,68244cb8,neildewan7,2025-04-16,18:38:41,-07:00,2025-04-16T18:38:41-07:00,1,39
style.css,36,css,68244cb8,neildewan7,2025-04-16,18:38:41,-07:00,2025-04-16T18:38:41-07:00,0,0
style.css,37,css,68244cb8,neildewan7,2025-04-16,18:38:41,-07:00,2025-04-16T18:38:41-07:00,0,0
style.css,38,css,68244cb8,neildewan7,2025-04-16,18:38:41,-07:00,2025-04-16T18:38:41-07:00,0,11
style.css,39,css,68244cb8,neildewan7,2025-04-16,18:38:41,-07:00,2025-04-16T18:38:41-07:00,1,25
style.css,40,css,68244cb8,neildewan7,2025-04-16,18:38:41,-07:00,2025-04-16T18:38:41-07:00,1,25
style.css,41,css,68244cb8,neildewan7,2025-04-16,18:38:41,-07:00,2025-04-16T18:38:41-07:00,1,39
style.css,42,css,68244cb8,neildewan7,2025-04-16,18:38:41,-07:00,2025-04-16T18:38:41-07:00,1,69
style.css,43,css,68244cb8,neildewan7,2025-04-16,18:38:41,-07:00,2025-04-16T18:38:41-07:00,0,0
style.css,44,css,68244cb8,neildewan7,2025-04-16,18:38:41,-07:00,2025-04-16T18:38:41-07:00,0,0
style.css,45,css,68244cb8,neildewan7,2025-04-16,18:38:41,-07:00,2025-04-16T18:38:41-07:00,0,0
style.css,46,css,68244cb8,neildewan7,2025-04-16,18:38:41,-07:00,2025-04-16T18:38:41-07:00,0,5
style.css,47,css,23c1eb6b,neildewan7,2025-04-11,15:46:04,-07:00,2025-04-11T15:46:04-07:00,0,6
style.css,48,css,23c1eb6b,neildewan7,2025-04-11,15:46:04,-07:00,2025-04-11T15:46:04-07:00,1,16
style.css,49,css,23c1eb6b,neildewan7,2025-04-11,15:46:04,-07:00,2025-04-11T15:46:04-07:00,0,0
style.css,50,css,23c1eb6b,neildewan7,2025-04-11,15:46:04,-07:00,2025-04-11T15:46:04-07:00,0,0
style.css,51,css,23c1eb6b,neildewan7,2025-04-11,15:46:04,-07:00,2025-04-11T15:46:04-07:00,0,4
style.css,52,css,23c1eb6b,neildewan7,2025-04-11,15:46:04,-07:00,2025-04-11T15:46:04-07:00,1,12
style.css,53,css,23c1eb6b,neildewan7,2025-04-11,15:46:04,-07:00,2025-04-11T15:46:04-07:00,1,12
style.css,54,css,23c1eb6b,neildewan7,2025-04-11,15:46:04,-07:00,2025-04-11T15:46:04-07:00,1,30
style.css,55,css,23c1eb6b,neildewan7,2025-04-11,15:46:04,-07:00,2025-04-11T15:46:04-07:00,1,7
style.css,56,css,23c1eb6b,neildewan7,2025-04-11,15:46:04,-07:00,2025-04-11T15:46:04-07:00,0,0
style.css,57,css,23c1eb6b,neildewan7,2025-04-11,15:46:04,-07:00,2025-04-11T15:46:04-07:00,0,0
style.css,58,css,23c1eb6b,neildewan7,2025-04-11,15:46:04,-07:00,2025-04-11T15:46:04-07:00,0,10
style.css,59,css,23c1eb6b,neildewan7,2025-04-11,15:46:04,-07:00,2025-04-11T15:46:04-07:00,1,12
style.css,60,css,23c1eb6b,neildewan7,2025-04-11,15:46:04,-07:00,2025-04-11T15:46:04-07:00,1,29
style.css,61,css,23c1eb6b,neildewan7,2025-04-11,15:46:04,-07:00,2025-04-11T15:46:04-07:00,1,13
style.css,62,css,0b68cae9,neildewan7,2025-04-11,16:24:44,-07:00,2025-04-11T16:24:44-07:00,0,0
style.css,63,css,68244cb8,neildewan7,2025-04-16,18:38:41,-07:00,2025-04-16T18:38:41-07:00,0,0
style.css,64,css,68244cb8,neildewan7,2025-04-16,18:38:41,-07:00,2025-04-16T18:38:41-07:00,0,9
style.css,65,css,68244cb8,neildewan7,2025-04-16,18:38:41,-07:00,2025-04-16T18:38:41-07:00,0,13
style.css,66,css,68244cb8,neildewan7,2025-04-16,18:38:41,-07:00,2025-04-16T18:38:41-07:00,1,13
style.css,67,css,68244cb8,neildewan7,2025-04-16,18:38:41,-07:00,2025-04-16T18:38:41-07:00,0,0
style.css,68,css,68244cb8,neildewan7,2025-04-16,18:38:41,-07:00,2025-04-16T18:38:41-07:00,0,0
style.css,69,css,68244cb8,neildewan7,2025-04-16,18:38:41,-07:00,2025-04-16T18:38:41-07:00,0,11
style.css,70,css,68244cb8,neildewan7,2025-04-16,18:38:41,-07:00,2025-04-16T18:38:41-07:00,1,18
style.css,71,css,68244cb8,neildewan7,2025-04-16,18:38:41,-07:00,2025-04-16T18:38:41-07:00,0,0
style.css,72,css,68244cb8,neildewan7,2025-04-16,18:38:41,-07:00,2025-04-16T18:38:41-07:00,0,0
style.css,73,css,68244cb8,neildewan7,2025-04-16,18:38:41,-07:00,2025-04-16T18:38:41-07:00,0,9
style.css,74,css,68244cb8,neildewan7,2025-04-16,18:38:41,-07:00,2025-04-16T18:38:41-07:00,1,12
style.css,75,css,68244cb8,neildewan7,2025-04-16,18:38:41,-07:00,2025-04-16T18:38:41-07:00,1,58
style.css,76,css,68244cb8,neildewan7,2025-04-16,18:38:41,-07:00,2025-04-16T18:38:41-07:00,1,7
style.css,77,css,68244cb8,neildewan7,2025-04-16,18:38:41,-07:00,2025-04-16T18:38:41-07:00,0,0
style.css,78,css,68244cb8,neildewan7,2025-04-16,18:38:41,-07:00,2025-04-16T18:38:41-07:00,0,0
style.css,79,css,68244cb8,neildewan7,2025-04-16,18:38:41,-07:00,2025-04-16T18:38:41-07:00,0,17
style.css,80,css,68244cb8,neildewan7,2025-04-16,18:38:41,-07:00,2025-04-16T18:38:41-07:00,1,26
style.css,81,css,68244cb8,neildewan7,2025-04-16,18:38:41,-07:00,2025-04-16T18:38:41-07:00,1,15
style.css,82,css,68244cb8,neildewan7,2025-04-16,18:38:41,-07:00,2025-04-16T18:38:41-07:00,1,7
style.css,83,css,68244cb8,neildewan7,2025-04-16,18:38:41,-07:00,2025-04-16T18:38:41-07:00,0,0
style.css,84,css,68244cb8,neildewan7,2025-04-16,18:38:41,-07:00,2025-04-16T18:38:41-07:00,0,0
style.css,85,css,68244cb8,neildewan7,2025-04-16,18:38:41,-07:00,2025-04-16T18:38:41-07:00,0,12
style.css,86,css,68244cb8,neildewan7,2025-04-16,18:38:41,-07:00,2025-04-16T18:38:41-07:00,1,8
style.css,87,css,68244cb8,neildewan7,2025-04-16,18:38:41,-07:00,2025-04-16T18:38:41-07:00,0,0
style.css,88,css,68244cb8,neildewan7,2025-04-16,18:38:41,-07:00,2025-04-16T18:38:41-07:00,0,0
style.css,89,css,68244cb8,neildewan7,2025-04-16,18:38:41,-07:00,2025-04-16T18:38:41-07:00,0,2
style.css,90,css,68244cb8,neildewan7,2025-04-16,18:38:41,-07:00,2025-04-16T18:38:41-07:00,1,14
style.css,91,css,68244cb8,neildewan7,2025-04-16,18:38:41,-07:00,2025-04-16T18:38:41-07:00,0,0
style.css,92,css,68244cb8,neildewan7,2025-04-16,18:38:41,-07:00,2025-04-16T18:38:41-07:00,0,0
style.css,93,css,68244cb8,neildewan7,2025-04-16,18:38:41,-07:00,2025-04-16T18:38:41-07:00,0,1
style.css,94,css,68244cb8,neildewan7,2025-04-16,18:38:41,-07:00,2025-04-16T18:38:41-07:00,0,1
style.css,95,css,68244cb8,neildewan7,2025-04-16,18:38:41,-07:00,2025-04-16T18:38:41-07:00,0,1
style.css,96,css,68244cb8,neildewan7,2025-04-16,18:38:41,-07:00,2025-04-16T18:38:41-07:00,0,1
style.css,97,css,68244cb8,neildewan7,2025-04-16,18:38:41,-07:00,2025-04-16T18:38:41-07:00,0,1
style.css,98,css,68244cb8,neildewan7,2025-04-16,18:38:41,-07:00,2025-04-16T18:38:41-07:00,0,2
style.css,99,css,68244cb8,neildewan7,2025-04-16,18:38:41,-07:00,2025-04-16T18:38:41-07:00,1,15
style.css,100,css,68244cb8,neildewan7,2025-04-16,18:38:41,-07:00,2025-04-16T18:38:41-07:00,0,0
style.css,101,css,68244cb8,neildewan7,2025-04-16,18:38:41,-07:00,2025-04-16T18:38:41-07:00,0,0
style.css,102,css,ae8d66f2,neildewan7,2025-04-11,16:56:13,-07:00,2025-04-11T16:56:13-07:00,0,26
style.css,103,css,ae8d66f2,neildewan7,2025-04-11,16:56:13,-07:00,2025-04-11T16:56:13-07:00,0,13
style.css,104,css,ae8d66f2,neildewan7,2025-04-11,16:56:13,-07:00,2025-04-11T16:56:13-07:00,0,9
style.css,105,css,ae8d66f2,neildewan7,2025-04-11,16:56:13,-07:00,2025-04-11T16:56:13-07:00,0,10
style.css,106,css,ae8d66f2,neildewan7,2025-04-11,16:56:13,-07:00,2025-04-11T16:56:13-07:00,0,21
style.css,107,css,ae8d66f2,neildewan7,2025-04-11,16:56:13,-07:00,2025-04-11T16:56:13-07:00,0,17
style.css,108,css,ae8d66f2,neildewan7,2025-04-11,16:56:13,-07:00,2025-04-11T16:56:13-07:00,1,16
style.css,109,css,ae8d66f2,neildewan7,2025-04-11,16:56:13,-07:00,2025-04-11T16:56:13-07:00,1,13
style.css,110,css,8129cbb1,neildewan7,2025-04-16,19:13:07,-07:00,2025-04-16T19:13:07-07:00,1,69
style.css,111,css,ae8d66f2,neildewan7,2025-04-11,16:56:13,-07:00,2025-04-11T16:56:13-07:00,1,20
style.css,112,css,ae8d66f2,neildewan7,2025-04-11,16:56:13,-07:00,2025-04-11T16:56:13-07:00,1,44
style.css,113,css,ae8d66f2,neildewan7,2025-04-11,16:56:13,-07:00,2025-04-11T16:56:13-07:00,0,0
style.css,114,css,ae8d66f2,neildewan7,2025-04-11,16:56:13,-07:00,2025-04-11T16:56:13-07:00,0,0
style.css,115,css,ae8d66f2,neildewan7,2025-04-11,16:56:13,-07:00,2025-04-11T16:56:13-07:00,0,15
style.css,116,css,ae8d66f2,neildewan7,2025-04-11,16:56:13,-07:00,2025-04-11T16:56:13-07:00,0,11
style.css,117,css,ae8d66f2,neildewan7,2025-04-11,16:56:13,-07:00,2025-04-11T16:56:13-07:00,0,14
style.css,118,css,ae8d66f2,neildewan7,2025-04-11,16:56:13,-07:00,2025-04-11T16:56:13-07:00,0,15
style.css,119,css,ae8d66f2,neildewan7,2025-04-11,16:56:13,-07:00,2025-04-11T16:56:13-07:00,0,26
style.css,120,css,ae8d66f2,neildewan7,2025-04-11,16:56:13,-07:00,2025-04-11T16:56:13-07:00,0,20
style.css,121,css,ae8d66f2,neildewan7,2025-04-11,16:56:13,-07:00,2025-04-11T16:56:13-07:00,1,15
style.css,122,css,ae8d66f2,neildewan7,2025-04-11,16:56:13,-07:00,2025-04-11T16:56:13-07:00,0,0
style.css,123,css,ae8d66f2,neildewan7,2025-04-11,16:56:13,-07:00,2025-04-11T16:56:13-07:00,0,0
style.css,124,css,ae8d66f2,neildewan7,2025-04-11,16:56:13,-07:00,2025-04-11T16:56:13-07:00,0,15
style.css,125,css,ae8d66f2,neildewan7,2025-04-11,16:56:13,-07:00,2025-04-11T16:56:13-07:00,0,3
style.css,126,css,ae8d66f2,neildewan7,2025-04-11,16:56:13,-07:00,2025-04-11T16:56:13-07:00,0,9
style.css,127,css,ae8d66f2,neildewan7,2025-04-11,16:56:13,-07:00,2025-04-11T16:56:13-07:00,1,17
style.css,128,css,ae8d66f2,neildewan7,2025-04-11,16:56:13,-07:00,2025-04-11T16:56:13-07:00,1,16
style.css,129,css,ae8d66f2,neildewan7,2025-04-11,16:56:13,-07:00,2025-04-11T16:56:13-07:00,1,41
style.css,130,css,ae8d66f2,neildewan7,2025-04-11,16:56:13,-07:00,2025-04-11T16:56:13-07:00,0,0
style.css,131,css,ae8d66f2,neildewan7,2025-04-11,16:56:13,-07:00,2025-04-11T16:56:13-07:00,0,0
style.css,132,css,ae8d66f2,neildewan7,2025-04-11,16:56:13,-07:00,2025-04-11T16:56:13-07:00,0,18
style.css,133,css,ae8d66f2,neildewan7,2025-04-11,16:56:13,-07:00,2025-04-11T16:56:13-07:00,0,6
style.css,134,css,ae8d66f2,neildewan7,2025-04-11,16:56:13,-07:00,2025-04-11T16:56:13-07:00,0,12
style.css,135,css,ae8d66f2,neildewan7,2025-04-11,16:56:13,-07:00,2025-04-11T16:56:13-07:00,1,20
style.css,136,css,ae8d66f2,neildewan7,2025-04-11,16:56:13,-07:00,2025-04-11T16:56:13-07:00,1,16
style.css,137,css,ae8d66f2,neildewan7,2025-04-11,16:56:13,-07:00,2025-04-11T16:56:13-07:00,0,0
style.css,138,css,ae8d66f2,neildewan7,2025-04-11,16:56:13,-07:00,2025-04-11T16:56:13-07:00,0,0
style.css,139,css,ae8d66f2,neildewan7,2025-04-11,16:56:13,-07:00,2025-04-11T16:56:13-07:00,0,6
style.css,140,css,ae8d66f2,neildewan7,2025-04-11,16:56:13,-07:00,2025-04-11T16:56:13-07:00,0,12
style.css,141,css,ae8d66f2,neildewan7,2025-04-11,16:56:13,-07:00,2025-04-11T16:56:13-07:00,1,20
style.css,142,css,ae8d66f2,neildewan7,2025-04-11,16:56:13,-07:00,2025-04-11T16:56:13-07:00,1,16
style.css,143,css,ae8d66f2,neildewan7,2025-04-11,16:56:13,-07:00,2025-04-11T16:56:13-07:00,1,15
style.css,144,css,ae8d66f2,neildewan7,2025-04-11,16:56:13,-07:00,2025-04-11T16:56:13-07:00,0,0
style.css,145,css,ae8d66f2,neildewan7,2025-04-11,16:56:13,-07:00,2025-04-11T16:56:13-07:00,0,0
style.css,146,css,ae8d66f2,neildewan7,2025-04-11,16:56:13,-07:00,2025-04-11T16:56:13-07:00,0,7
style.css,147,css,ae8d66f2,neildewan7,2025-04-11,16:56:13,-07:00,2025-04-11T16:56:13-07:00,1,15
style.css,148,css,ae8d66f2,neildewan7,2025-04-11,16:56:13,-07:00,2025-04-11T16:56:13-07:00,1,14
style.css,149,css,ae8d66f2,neildewan7,2025-04-11,16:56:13,-07:00,2025-04-11T16:56:13-07:00,0,0
style.css,150,css,ae8d66f2,neildewan7,2025-04-11,16:56:13,-07:00,2025-04-11T16:56:13-07:00,0,0
style.css,151,css,ae8d66f2,neildewan7,2025-04-11,16:56:13,-07:00,2025-04-11T16:56:13-07:00,0,10
style.css,152,css,ae8d66f2,neildewan7,2025-04-11,16:56:13,-07:00,2025-04-11T16:56:13-07:00,1,16
style.css,153,css,68244cb8,neildewan7,2025-04-16,18:38:41,-07:00,2025-04-16T18:38:41-07:00,1,81
style.css,154,css,ae8d66f2,neildewan7,2025-04-11,16:56:13,-07:00,2025-04-11T16:56:13-07:00,0,0
style.css,155,css,ae8d66f2,neildewan7,2025-04-11,16:56:13,-07:00,2025-04-11T16:56:13-07:00,0,0
style.css,156,css,ae8d66f2,neildewan7,2025-04-11,16:56:13,-07:00,2025-04-11T16:56:13-07:00,0,13
style.css,157,css,ae8d66f2,neildewan7,2025-04-11,16:56:13,-07:00,2025-04-11T16:56:13-07:00,1,14
style.css,158,css,ae8d66f2,neildewan7,2025-04-11,16:56:13,-07:00,2025-04-11T16:56:13-07:00,1,17
style.css,159,css,ae8d66f2,neildewan7,2025-04-11,16:56:13,-07:00,2025-04-11T16:56:13-07:00,1,17
style.css,160,css,68244cb8,neildewan7,2025-04-16,18:38:41,-07:00,2025-04-16T18:38:41-07:00,1,62
style.css,161,css,ae8d66f2,neildewan7,2025-04-11,16:56:13,-07:00,2025-04-11T16:56:13-07:00,1,13
style.css,162,css,ae8d66f2,neildewan7,2025-04-11,16:56:13,-07:00,2025-04-11T16:56:13-07:00,1,45
style.css,163,css,ae8d66f2,neildewan7,2025-04-11,16:56:13,-07:00,2025-04-11T16:56:13-07:00,0,0
style.css,164,css,ae8d66f2,neildewan7,2025-04-11,16:56:13,-07:00,2025-04-11T16:56:13-07:00,0,0
style.css,165,css,ae8d66f2,neildewan7,2025-04-11,16:56:13,-07:00,2025-04-11T16:56:13-07:00,0,42
style.css,166,css,ae8d66f2,neildewan7,2025-04-11,16:56:13,-07:00,2025-04-11T16:56:13-07:00,0,17
style.css,167,css,ae8d66f2,neildewan7,2025-04-11,16:56:13,-07:00,2025-04-11T16:56:13-07:00,1,13
style.css,168,css,ae8d66f2,neildewan7,2025-04-11,16:56:13,-07:00,2025-04-11T16:56:13-07:00,1,43
style.css,169,css,ae8d66f2,neildewan7,2025-04-11,16:56:13,-07:00,2025-04-11T16:56:13-07:00,1,21
style.css,170,css,ae8d66f2,neildewan7,2025-04-11,16:56:13,-07:00,2025-04-11T16:56:13-07:00,1,20
style.css,171,css,ae8d66f2,neildewan7,2025-04-11,16:56:13,-07:00,2025-04-11T16:56:13-07:00,0,0
style.css,172,css,68244cb8,neildewan7,2025-04-16,18:38:41,-07:00,2025-04-16T18:38:41-07:00,0,0
style.css,173,css,68244cb8,neildewan7,2025-04-16,18:38:41,-07:00,2025-04-16T18:38:41-07:00,0,18
style.css,174,css,68244cb8,neildewan7,2025-04-16,18:38:41,-07:00,2025-04-16T18:38:41-07:00,0,13
style.css,175,css,68244cb8,neildewan7,2025-04-16,18:38:41,-07:00,2025-04-16T18:38:41-07:00,1,17
style.css,176,css,68244cb8,neildewan7,2025-04-16,18:38:41,-07:00,2025-04-16T18:38:41-07:00,1,8
style.css,177,css,68244cb8,neildewan7,2025-04-16,18:38:41,-07:00,2025-04-16T18:38:41-07:00,1,10
style.css,178,css,68244cb8,neildewan7,2025-04-16,18:38:41,-07:00,2025-04-16T18:38:41-07:00,1,13
style.css,179,css,68244cb8,neildewan7,2025-04-16,18:38:41,-07:00,2025-04-16T18:38:41-07:00,1,19
style.css,180,css,68244cb8,neildewan7,2025-04-16,18:38:41,-07:00,2025-04-16T18:38:41-07:00,1,23
style.css,181,css,68244cb8,neildewan7,2025-04-16,18:38:41,-07:00,2025-04-16T18:38:41-07:00,1,20
style.css,182,css,68244cb8,neildewan7,2025-04-16,18:38:41,-07:00,2025-04-16T18:38:41-07:00,1,19
style.css,183,css,68244cb8,neildewan7,2025-04-16,18:38:41,-07:00,2025-04-16T18:38:41-07:00,1,44
style.css,184,css,68244cb8,neildewan7,2025-04-16,18:38:41,-07:00,2025-04-16T18:38:41-07:00,1,16
style.css,185,css,68244cb8,neildewan7,2025-04-16,18:38:41,-07:00,2025-04-16T18:38:41-07:00,0,0
style.css,186,css,68244cb8,neildewan7,2025-04-16,18:38:41,-07:00,2025-04-16T18:38:41-07:00,0,0
style.css,187,css,68244cb8,neildewan7,2025-04-16,18:38:41,-07:00,2025-04-16T18:38:41-07:00,0,20
style.css,188,css,68244cb8,neildewan7,2025-04-16,18:38:41,-07:00,2025-04-16T18:38:41-07:00,1,12
style.css,189,css,68244cb8,neildewan7,2025-04-16,18:38:41,-07:00,2025-04-16T18:38:41-07:00,0,0
style.css,190,css,ff7856d8,neildewan7,2025-05-02,22:21:44,-07:00,2025-05-02T22:21:44-07:00,0,0
style.css,191,css,ff7856d8,neildewan7,2025-05-02,22:21:44,-07:00,2025-05-02T22:21:44-07:00,0,18
style.css,192,css,ff7856d8,neildewan7,2025-05-02,22:21:44,-07:00,2025-05-02T22:21:44-07:00,1,14
style.css,193,css,ff7856d8,neildewan7,2025-05-02,22:21:44,-07:00,2025-05-02T22:21:44-07:00,1,16
style.css,194,css,ff7856d8,neildewan7,2025-05-02,22:21:44,-07:00,2025-05-02T22:21:44-07:00,1,16
style.css,195,css,ff7856d8,neildewan7,2025-05-02,22:21:44,-07:00,2025-05-02T22:21:44-07:00,0,0
style.css,196,css,ff7856d8,neildewan7,2025-05-02,22:21:44,-07:00,2025-05-02T22:21:44-07:00,0,66
style.css,197,css,ff7856d8,neildewan7,2025-05-02,22:21:44,-07:00,2025-05-02T22:21:44-07:00,0,10
style.css,198,css,ff7856d8,neildewan7,2025-05-02,22:21:44,-07:00,2025-05-02T22:21:44-07:00,1,12
style.css,199,css,ff7856d8,neildewan7,2025-05-02,22:21:44,-07:00,2025-05-02T22:21:44-07:00,1,14
style.css,200,css,ff7856d8,neildewan7,2025-05-02,22:21:44,-07:00,2025-05-02T22:21:44-07:00,1,22
style.css,201,css,ff7856d8,neildewan7,2025-05-02,22:21:44,-07:00,2025-05-02T22:21:44-07:00,1,22
style.css,202,css,ff7856d8,neildewan7,2025-05-02,22:21:44,-07:00,2025-05-02T22:21:44-07:00,1,7
style.css,203,css,ff7856d8,neildewan7,2025-05-02,22:21:44,-07:00,2025-05-02T22:21:44-07:00,1,16
style.css,204,css,ff7856d8,neildewan7,2025-05-02,22:21:44,-07:00,2025-05-02T22:21:44-07:00,0,0
style.css,205,css,ff7856d8,neildewan7,2025-05-02,22:21:44,-07:00,2025-05-02T22:21:44-07:00,0,0
style.css,206,css,ff7856d8,neildewan7,2025-05-02,22:21:44,-07:00,2025-05-02T22:21:44-07:00,0,38
style.css,207,css,ff7856d8,neildewan7,2025-05-02,22:21:44,-07:00,2025-05-02T22:21:44-07:00,0,14
style.css,208,css,ff7856d8,neildewan7,2025-05-02,22:21:44,-07:00,2025-05-02T22:21:44-07:00,1,15
style.css,209,css,ff7856d8,neildewan7,2025-05-02,22:21:44,-07:00,2025-05-02T22:21:44-07:00,1,10
style.css,210,css,ff7856d8,neildewan7,2025-05-02,22:21:44,-07:00,2025-05-02T22:21:44-07:00,1,11
style.css,211,css,ff7856d8,neildewan7,2025-05-02,22:21:44,-07:00,2025-05-02T22:21:44-07:00,0,0
style.css,212,css,ff7856d8,neildewan7,2025-05-02,22:21:44,-07:00,2025-05-02T22:21:44-07:00,0,0
style.css,213,css,ff7856d8,neildewan7,2025-05-02,22:21:44,-07:00,2025-05-02T22:21:44-07:00,0,17
style.css,214,css,ff7856d8,neildewan7,2025-05-02,22:21:44,-07:00,2025-05-02T22:21:44-07:00,0,7
style.css,215,css,ff7856d8,neildewan7,2025-05-02,22:21:44,-07:00,2025-05-02T22:21:44-07:00,1,12
style.css,216,css,ff7856d8,neildewan7,2025-05-02,22:21:44,-07:00,2025-05-02T22:21:44-07:00,1,57
style.css,217,css,ff7856d8,neildewan7,2025-05-02,22:21:44,-07:00,2025-05-02T22:21:44-07:00,1,7
style.css,218,css,ff7856d8,neildewan7,2025-05-02,22:21:44,-07:00,2025-05-02T22:21:44-07:00,1,11
style.css,219,css,ff7856d8,neildewan7,2025-05-02,22:21:44,-07:00,2025-05-02T22:21:44-07:00,1,21
style.css,220,css,ff7856d8,neildewan7,2025-05-02,22:21:44,-07:00,2025-05-02T22:21:44-07:00,1,14
style.css,221,css,ff7856d8,neildewan7,2025-05-02,22:21:44,-07:00,2025-05-02T22:21:44-07:00,1,21
style.css,222,css,ff7856d8,neildewan7,2025-05-02,22:21:44,-07:00,2025-05-02T22:21:44-07:00,0,0
style.css,223,css,ff7856d8,neildewan7,2025-05-02,22:21:44,-07:00,2025-05-02T22:21:44-07:00,0,0
style.css,224,css,ff7856d8,neildewan7,2025-05-02,22:21:44,-07:00,2025-05-02T22:21:44-07:00,0,20
style.css,225,css,ff7856d8,neildewan7,2025-05-02,22:21:44,-07:00,2025-05-02T22:21:44-07:00,0,10
style.css,226,css,ff7856d8,neildewan7,2025-05-02,22:21:44,-07:00,2025-05-02T22:21:44-07:00,1,12
style.css,227,css,ff7856d8,neildewan7,2025-05-02,22:21:44,-07:00,2025-05-02T22:21:44-07:00,1,18
style.css,228,css,ff7856d8,neildewan7,2025-05-02,22:21:44,-07:00,2025-05-02T22:21:44-07:00,1,9
style.css,229,css,ff7856d8,neildewan7,2025-05-02,22:21:44,-07:00,2025-05-02T22:21:44-07:00,1,15
style.css,230,css,ff7856d8,neildewan7,2025-05-02,22:21:44,-07:00,2025-05-02T22:21:44-07:00,0,0
style.css,231,css,ff7856d8,neildewan7,2025-05-02,22:21:44,-07:00,2025-05-02T22:21:44-07:00,0,0
style.css,232,css,ff7856d8,neildewan7,2025-05-02,22:21:44,-07:00,2025-05-02T22:21:44-07:00,0,15
style.css,233,css,ff7856d8,neildewan7,2025-05-02,22:21:44,-07:00,2025-05-02T22:21:44-07:00,0,15
style.css,234,css,ff7856d8,neildewan7,2025-05-02,22:21:44,-07:00,2025-05-02T22:21:44-07:00,1,20
style.css,235,css,ff7856d8,neildewan7,2025-05-02,22:21:44,-07:00,2025-05-02T22:21:44-07:00,1,9
style.css,236,css,ff7856d8,neildewan7,2025-05-02,22:21:44,-07:00,2025-05-02T22:21:44-07:00,1,10
style.css,237,css,ff7856d8,neildewan7,2025-05-02,22:21:44,-07:00,2025-05-02T22:21:44-07:00,1,17
style.css,238,css,ff7856d8,neildewan7,2025-05-02,22:21:44,-07:00,2025-05-02T22:21:44-07:00,1,29
style.css,239,css,ff7856d8,neildewan7,2025-05-02,22:21:44,-07:00,2025-05-02T22:21:44-07:00,0,0
style.css,240,css,a2f16123,neildewan7,2025-05-02,22:55:14,-07:00,2025-05-02T22:55:14-07:00,0,0
style.css,241,css,a2f16123,neildewan7,2025-05-02,22:55:14,-07:00,2025-05-02T22:55:14-07:00,0,4
style.css,242,css,a2f16123,neildewan7,2025-05-02,22:55:14,-07:00,2025-05-02T22:55:14-07:00,1,14
style.css,243,css,a2f16123,neildewan7,2025-05-02,22:55:14,-07:00,2025-05-02T22:55:14-07:00,1,16
style.css,244,css,a2f16123,neildewan7,2025-05-02,22:55:14,-07:00,2025-05-02T22:55:14-07:00,0,0
style.css,245,css,a2f16123,neildewan7,2025-05-02,22:55:14,-07:00,2025-05-02T22:55:14-07:00,0,0
style.css,246,css,a2f16123,neildewan7,2025-05-02,22:55:14,-07:00,2025-05-02T22:55:14-07:00,0,36
style.css,247,css,a2f16123,neildewan7,2025-05-02,22:55:14,-07:00,2025-05-02T22:55:14-07:00,1,11
style.css,248,css,a2f16123,neildewan7,2025-05-02,22:55:14,-07:00,2025-05-02T22:55:14-07:00,0,0
style.css,249,css,a2f16123,neildewan7,2025-05-02,22:55:14,-07:00,2025-05-02T22:55:14-07:00,0,0
style.css,250,css,a2f16123,neildewan7,2025-05-02,22:55:14,-07:00,2025-05-02T22:55:14-07:00,0,9
style.css,251,css,a2f16123,neildewan7,2025-05-02,22:55:14,-07:00,2025-05-02T22:55:14-07:00,1,35
style.css,252,css,a2f16123,neildewan7,2025-05-02,22:55:14,-07:00,2025-05-02T22:55:14-07:00,0,0
style.css,253,css,a2f16123,neildewan7,2025-05-02,22:55:14,-07:00,2025-05-02T22:55:14-07:00,0,0
style.css,254,css,a2f16123,neildewan7,2025-05-02,22:55:14,-07:00,2025-05-02T22:55:14-07:00,0,14
style.css,255,css,a2f16123,neildewan7,2025-05-02,22:55:14,-07:00,2025-05-02T22:55:14-07:00,1,17
style.css,256,css,a2f16123,neildewan7,2025-05-02,22:55:14,-07:00,2025-05-02T22:55:14-07:00,0,0
style.css,257,css,a2f16123,neildewan7,2025-05-02,22:55:14,-07:00,2025-05-02T22:55:14-07:00,0,0
style.css,258,css,a2f16123,neildewan7,2025-05-02,22:55:14,-07:00,2025-05-02T22:55:14-07:00,0,17
style.css,259,css,a2f16123,neildewan7,2025-05-02,22:55:14,-07:00,2025-05-02T22:55:14-07:00,1,29
style.css,260,css,a2f16123,neildewan7,2025-05-02,22:55:14,-07:00,2025-05-02T22:55:14-07:00,1,11
style.css,261,css,a2f16123,neildewan7,2025-05-02,22:55:14,-07:00,2025-05-02T22:55:14-07:00,1,16
style.css,262,css,a2f16123,neildewan7,2025-05-02,22:55:14,-07:00,2025-05-02T22:55:14-07:00,0,0
style.css,263,css,a2f16123,neildewan7,2025-05-02,22:55:14,-07:00,2025-05-02T22:55:14-07:00,0,0
style.css,264,css,a2f16123,neildewan7,2025-05-02,22:55:14,-07:00,2025-05-02T22:55:14-07:00,0,15
style.css,265,css,a2f16123,neildewan7,2025-05-02,22:55:14,-07:00,2025-05-02T22:55:14-07:00,1,20
style.css,266,css,a2f16123,neildewan7,2025-05-02,22:55:14,-07:00,2025-05-02T22:55:14-07:00,1,9
style.css,267,css,a2f16123,neildewan7,2025-05-02,22:55:14,-07:00,2025-05-02T22:55:14-07:00,1,10
style.css,268,css,a2f16123,neildewan7,2025-05-02,22:55:14,-07:00,2025-05-02T22:55:14-07:00,1,17
style.css,269,css,a2f16123,neildewan7,2025-05-02,22:55:14,-07:00,2025-05-02T22:55:14-07:00,1,29
style.css,270,css,a2f16123,neildewan7,2025-05-02,22:55:14,-07:00,2025-05-02T22:55:14-07:00,0,0
index.js,1,js,ff7856d8,neildewan7,2025-05-02,22:21:44,-07:00,2025-05-02T22:21:44-07:00,0,71
index.js,2,js,ff7856d8,neildewan7,2025-05-02,22:21:44,-07:00,2025-05-02T22:21:44-07:00,0,63
index.js,3,js,669d3f38,neildewan7,2025-04-20,15:30:42,-07:00,2025-04-20T15:30:42-07:00,0,0
index.js,4,js,a2f16123,neildewan7,2025-05-02,22:55:14,-07:00,2025-05-02T22:55:14-07:00,0,13
index.js,5,js,a2f16123,neildewan7,2025-05-02,22:55:14,-07:00,2025-05-02T22:55:14-07:00,0,21
index.js,6,js,a2f16123,neildewan7,2025-05-02,22:55:14,-07:00,2025-05-02T22:55:14-07:00,0,67
index.js,7,js,a2f16123,neildewan7,2025-05-02,22:55:14,-07:00,2025-05-02T22:55:14-07:00,0,0
index.js,8,js,669d3f38,neildewan7,2025-04-20,15:30:42,-07:00,2025-04-20T15:30:42-07:00,0,54
index.js,9,js,669d3f38,neildewan7,2025-04-20,15:30:42,-07:00,2025-04-20T15:30:42-07:00,0,60
index.js,10,js,a2f16123,neildewan7,2025-05-02,22:55:14,-07:00,2025-05-02T22:55:14-07:00,0,60
index.js,11,js,669d3f38,neildewan7,2025-04-20,15:30:42,-07:00,2025-04-20T15:30:42-07:00,0,0
index.js,12,js,669d3f38,neildewan7,2025-04-20,15:30:42,-07:00,2025-04-20T15:30:42-07:00,0,53
index.js,13,js,669d3f38,neildewan7,2025-04-20,15:30:42,-07:00,2025-04-20T15:30:42-07:00,0,60
index.js,14,js,669d3f38,neildewan7,2025-04-20,15:30:42,-07:00,2025-04-20T15:30:42-07:00,0,17
index.js,15,js,669d3f38,neildewan7,2025-04-20,15:30:42,-07:00,2025-04-20T15:30:42-07:00,1,24
index.js,16,js,669d3f38,neildewan7,2025-04-20,15:30:42,-07:00,2025-04-20T15:30:42-07:00,2,2
index.js,17,js,669d3f38,neildewan7,2025-04-20,15:30:42,-07:00,2025-04-20T15:30:42-07:00,3,55
index.js,18,js,669d3f38,neildewan7,2025-04-20,15:30:42,-07:00,2025-04-20T15:30:42-07:00,3,55
index.js,19,js,669d3f38,neildewan7,2025-04-20,15:30:42,-07:00,2025-04-20T15:30:42-07:00,3,49
index.js,20,js,669d3f38,neildewan7,2025-04-20,15:30:42,-07:00,2025-04-20T15:30:42-07:00,3,49
index.js,21,js,669d3f38,neildewan7,2025-04-20,15:30:42,-07:00,2025-04-20T15:30:42-07:00,2,3
index.js,22,js,669d3f38,neildewan7,2025-04-20,15:30:42,-07:00,2025-04-20T15:30:42-07:00,1,0
index.js,23,js,669d3f38,neildewan7,2025-04-20,15:30:42,-07:00,2025-04-20T15:30:42-07:00,0,0
index.js,24,js,669d3f38,neildewan7,2025-04-20,15:30:42,-07:00,2025-04-20T15:30:42-07:00,0,0
index.js,25,js,a2f16123,neildewan7,2025-05-02,22:55:14,-07:00,2025-05-02T22:55:14-07:00,0,38
index.js,26,js,a2f16123,neildewan7,2025-05-02,22:55:14,-07:00,2025-05-02T22:55:14-07:00,1,28
index.js,27,js,a2f16123,neildewan7,2025-05-02,22:55:14,-07:00,2025-05-02T22:55:14-07:00,2,12
index.js,28,js,a2f16123,neildewan7,2025-05-02,22:55:14,-07:00,2025-05-02T22:55:14-07:00,2,14
index.js,29,js,a2f16123,neildewan7,2025-05-02,22:55:14,-07:00,2025-05-02T22:55:14-07:00,2,11
index.js,30,js,a2f16123,neildewan7,2025-05-02,22:55:14,-07:00,2025-05-02T22:55:14-07:00,1,0
index.js,31,js,a2f16123,neildewan7,2025-05-02,22:55:14,-07:00,2025-05-02T22:55:14-07:00,0,0
index.js,32,js,a2f16123,neildewan7,2025-05-02,22:55:14,-07:00,2025-05-02T22:55:14-07:00,1,44
index.js,33,js,a2f16123,neildewan7,2025-05-02,22:55:14,-07:00,2025-05-02T22:55:14-07:00,2,10
index.js,34,js,a2f16123,neildewan7,2025-05-02,22:55:14,-07:00,2025-05-02T22:55:14-07:00,2,11
index.js,35,js,a2f16123,neildewan7,2025-05-02,22:55:14,-07:00,2025-05-02T22:55:14-07:00,1,2
index.js,36,js,a2f16123,neildewan7,2025-05-02,22:55:14,-07:00,2025-05-02T22:55:14-07:00,0,0
index.js,37,js,a2f16123,neildewan7,2025-05-02,22:55:14,-07:00,2025-05-02T22:55:14-07:00,1,38
index.js,38,js,a2f16123,neildewan7,2025-05-02,22:55:14,-07:00,2025-05-02T22:55:14-07:00,1,26
index.js,39,js,a2f16123,neildewan7,2025-05-02,22:55:14,-07:00,2025-05-02T22:55:14-07:00,1,43
index.js,40,js,a2f16123,neildewan7,2025-05-02,22:55:14,-07:00,2025-05-02T22:55:14-07:00,0,0
index.js,41,js,a2f16123,neildewan7,2025-05-02,22:55:14,-07:00,2025-05-02T22:55:14-07:00,1,59
index.js,42,js,a2f16123,neildewan7,2025-05-02,22:55:14,-07:00,2025-05-02T22:55:14-07:00,1,52
index.js,43,js,a2f16123,neildewan7,2025-05-02,22:55:14,-07:00,2025-05-02T22:55:14-07:00,1,38
index.js,44,js,a2f16123,neildewan7,2025-05-02,22:55:14,-07:00,2025-05-02T22:55:14-07:00,1,49
index.js,45,js,a2f16123,neildewan7,2025-05-02,22:55:14,-07:00,2025-05-02T22:55:14-07:00,0,0
index.js,46,js,a2f16123,neildewan7,2025-05-02,22:55:14,-07:00,2025-05-02T22:55:14-07:00,1,25
index.js,47,js,a2f16123,neildewan7,2025-05-02,22:55:14,-07:00,2025-05-02T22:55:14-07:00,2,16
index.js,48,js,a2f16123,neildewan7,2025-05-02,22:55:14,-07:00,2025-05-02T22:55:14-07:00,3,25
index.js,49,js,a2f16123,neildewan7,2025-05-02,22:55:14,-07:00,2025-05-02T22:55:14-07:00,3,22
index.js,50,js,a2f16123,neildewan7,2025-05-02,22:55:14,-07:00,2025-05-02T22:55:14-07:00,3,53
index.js,51,js,a2f16123,neildewan7,2025-05-02,22:55:14,-07:00,2025-05-02T22:55:14-07:00,3,18
index.js,52,js,a2f16123,neildewan7,2025-05-02,22:55:14,-07:00,2025-05-02T22:55:14-07:00,4,43
index.js,53,js,a2f16123,neildewan7,2025-05-02,22:55:14,-07:00,2025-05-02T22:55:14-07:00,0,0
index.js,54,js,a2f16123,neildewan7,2025-05-02,22:55:14,-07:00,2025-05-02T22:55:14-07:00,4,19
index.js,55,js,a2f16123,neildewan7,2025-05-02,22:55:14,-07:00,2025-05-02T22:55:14-07:00,5,68
index.js,56,js,a2f16123,neildewan7,2025-05-02,22:55:14,-07:00,2025-05-02T22:55:14-07:00,0,0
index.js,57,js,a2f16123,neildewan7,2025-05-02,22:55:14,-07:00,2025-05-02T22:55:14-07:00,4,34
index.js,58,js,a2f16123,neildewan7,2025-05-02,22:55:14,-07:00,2025-05-02T22:55:14-07:00,5,68
index.js,59,js,a2f16123,neildewan7,2025-05-02,22:55:14,-07:00,2025-05-02T22:55:14-07:00,0,0
index.js,60,js,a2f16123,neildewan7,2025-05-02,22:55:14,-07:00,2025-05-02T22:55:14-07:00,4,16
index.js,61,js,a2f16123,neildewan7,2025-05-02,22:55:14,-07:00,2025-05-02T22:55:14-07:00,3,1
index.js,62,js,a2f16123,neildewan7,2025-05-02,22:55:14,-07:00,2025-05-02T22:55:14-07:00,1,1
index.js,63,js,a2f16123,neildewan7,2025-05-02,22:55:14,-07:00,2025-05-02T22:55:14-07:00,0,0
index.js,64,js,a2f16123,neildewan7,2025-05-02,22:55:14,-07:00,2025-05-02T22:55:14-07:00,1,34
index.js,65,js,a2f16123,neildewan7,2025-05-02,22:55:14,-07:00,2025-05-02T22:55:14-07:00,1,27
index.js,66,js,a2f16123,neildewan7,2025-05-02,22:55:14,-07:00,2025-05-02T22:55:14-07:00,2,17
index.js,67,js,a2f16123,neildewan7,2025-05-02,22:55:14,-07:00,2025-05-02T22:55:14-07:00,3,39
index.js,68,js,a2f16123,neildewan7,2025-05-02,22:55:14,-07:00,2025-05-02T22:55:14-07:00,3,55
index.js,69,js,a2f16123,neildewan7,2025-05-02,22:55:14,-07:00,2025-05-02T22:55:14-07:00,3,68
index.js,70,js,a2f16123,neildewan7,2025-05-02,22:55:14,-07:00,2025-05-02T22:55:14-07:00,3,18
index.js,71,js,a2f16123,neildewan7,2025-05-02,22:55:14,-07:00,2025-05-02T22:55:14-07:00,4,47
index.js,72,js,ff7856d8,neildewan7,2025-05-02,22:21:44,-07:00,2025-05-02T22:21:44-07:00,0,0
index.js,73,js,a2f16123,neildewan7,2025-05-02,22:55:14,-07:00,2025-05-02T22:55:14-07:00,4,19
index.js,74,js,a2f16123,neildewan7,2025-05-02,22:55:14,-07:00,2025-05-02T22:55:14-07:00,5,64
index.js,75,js,ff7856d8,neildewan7,2025-05-02,22:21:44,-07:00,2025-05-02T22:21:44-07:00,0,0
index.js,76,js,a2f16123,neildewan7,2025-05-02,22:55:14,-07:00,2025-05-02T22:55:14-07:00,4,20
index.js,77,js,a2f16123,neildewan7,2025-05-02,22:55:14,-07:00,2025-05-02T22:55:14-07:00,5,64
index.js,78,js,a2f16123,neildewan7,2025-05-02,22:55:14,-07:00,2025-05-02T22:55:14-07:00,0,0
index.js,79,js,a2f16123,neildewan7,2025-05-02,22:55:14,-07:00,2025-05-02T22:55:14-07:00,4,16
index.js,80,js,a2f16123,neildewan7,2025-05-02,22:55:14,-07:00,2025-05-02T22:55:14-07:00,3,1
index.js,81,js,a2f16123,neildewan7,2025-05-02,22:55:14,-07:00,2025-05-02T22:55:14-07:00,1,1
index.js,82,js,a2f16123,neildewan7,2025-05-02,22:55:14,-07:00,2025-05-02T22:55:14-07:00,0,0
index.js,83,js,a2f16123,neildewan7,2025-05-02,22:55:14,-07:00,2025-05-02T22:55:14-07:00,0,0
index.js,84,js,a2f16123,neildewan7,2025-05-02,22:55:14,-07:00,2025-05-02T22:55:14-07:00,0,26
index.js,85,js,a2f16123,neildewan7,2025-05-02,22:55:14,-07:00,2025-05-02T22:55:14-07:00,1,51
index.js,86,js,a2f16123,neildewan7,2025-05-02,22:55:14,-07:00,2025-05-02T22:55:14-07:00,2,47
index.js,87,js,a2f16123,neildewan7,2025-05-02,22:55:14,-07:00,2025-05-02T22:55:14-07:00,2,59
index.js,88,js,a2f16123,neildewan7,2025-05-02,22:55:14,-07:00,2025-05-02T22:55:14-07:00,2,42
index.js,89,js,a2f16123,neildewan7,2025-05-02,22:55:14,-07:00,2025-05-02T22:55:14-07:00,2,6
index.js,90,js,a2f16123,neildewan7,2025-05-02,22:55:14,-07:00,2025-05-02T22:55:14-07:00,3,22
index.js,91,js,a2f16123,neildewan7,2025-05-02,22:55:14,-07:00,2025-05-02T22:55:14-07:00,3,28
index.js,92,js,a2f16123,neildewan7,2025-05-02,22:55:14,-07:00,2025-05-02T22:55:14-07:00,3,18
index.js,93,js,a2f16123,neildewan7,2025-05-02,22:55:14,-07:00,2025-05-02T22:55:14-07:00,2,0
index.js,94,js,a2f16123,neildewan7,2025-05-02,22:55:14,-07:00,2025-05-02T22:55:14-07:00,1,1
index.js,95,js,a2f16123,neildewan7,2025-05-02,22:55:14,-07:00,2025-05-02T22:55:14-07:00,0,0
index.js,96,js,a2f16123,neildewan7,2025-05-02,22:55:14,-07:00,2025-05-02T22:55:14-07:00,1,33
index.js,97,js,a2f16123,neildewan7,2025-05-02,22:55:14,-07:00,2025-05-02T22:55:14-07:00,0,0
index.js,98,js,a2f16123,neildewan7,2025-05-02,22:55:14,-07:00,2025-05-02T22:55:14-07:00,1,51
index.js,99,js,a2f16123,neildewan7,2025-05-02,22:55:14,-07:00,2025-05-02T22:55:14-07:00,2,48
index.js,100,js,a2f16123,neildewan7,2025-05-02,22:55:14,-07:00,2025-05-02T22:55:14-07:00,2,68
index.js,101,js,a2f16123,neildewan7,2025-05-02,22:55:14,-07:00,2025-05-02T22:55:14-07:00,1,0
index.js,102,js,a2f16123,neildewan7,2025-05-02,22:55:14,-07:00,2025-05-02T22:55:14-07:00,0,0
index.js,103,js,a2f16123,neildewan7,2025-05-02,22:55:14,-07:00,2025-05-02T22:55:14-07:00,1,53
index.js,104,js,a2f16123,neildewan7,2025-05-02,22:55:14,-07:00,2025-05-02T22:55:14-07:00,1,71
index.js,105,js,a2f16123,neildewan7,2025-05-02,22:55:14,-07:00,2025-05-02T22:55:14-07:00,0,0
index.js,106,js,a2f16123,neildewan7,2025-05-02,22:55:14,-07:00,2025-05-02T22:55:14-07:00,0,0
index.js,107,js,a2f16123,neildewan7,2025-05-02,22:55:14,-07:00,2025-05-02T22:55:14-07:00,0,23
index.js,108,js,a2f16123,neildewan7,2025-05-02,22:55:14,-07:00,2025-05-02T22:55:14-07:00,0,0
index.js,109,js,a2f16123,neildewan7,2025-05-02,22:55:14,-07:00,2025-05-02T22:55:14-07:00,0,55
index.js,110,js,a2f16123,neildewan7,2025-05-02,22:55:14,-07:00,2025-05-02T22:55:14-07:00,0,48
index.js,111,js,a2f16123,neildewan7,2025-05-02,22:55:14,-07:00,2025-05-02T22:55:14-07:00,1,39
index.js,112,js,a2f16123,neildewan7,2025-05-02,22:55:14,-07:00,2025-05-02T22:55:14-07:00,1,16
index.js,113,js,a2f16123,neildewan7,2025-05-02,22:55:14,-07:00,2025-05-02T22:55:14-07:00,0,1
index.html,1,html,4091e1f1,neildewan7,2025-04-03,11:21:11,-07:00,2025-04-03T11:21:11-07:00,0,13
index.html,2,html,4091e1f1,neildewan7,2025-04-03,11:21:11,-07:00,2025-04-03T11:21:11-07:00,0,14
index.html,3,html,4091e1f1,neildewan7,2025-04-03,11:21:11,-07:00,2025-04-03T11:21:11-07:00,0,4
index.html,4,html,669d3f38,neildewan7,2025-04-20,15:30:42,-07:00,2025-04-20T15:30:42-07:00,1,22
index.html,5,html,669d3f38,neildewan7,2025-04-20,15:30:42,-07:00,2025-04-20T15:30:42-07:00,1,68
index.html,6,html,669d3f38,neildewan7,2025-04-20,15:30:42,-07:00,2025-04-20T15:30:42-07:00,1,52
index.html,7,html,669d3f38,neildewan7,2025-04-20,15:30:42,-07:00,2025-04-20T15:30:42-07:00,1,40
index.html,8,html,669d3f38,neildewan7,2025-04-20,15:30:42,-07:00,2025-04-20T15:30:42-07:00,1,45
index.html,9,html,4091e1f1,neildewan7,2025-04-03,11:21:11,-07:00,2025-04-03T11:21:11-07:00,0,5
index.html,10,html,4091e1f1,neildewan7,2025-04-03,11:21:11,-07:00,2025-04-03T11:21:11-07:00,0,4
index.html,11,html,68244cb8,neildewan7,2025-04-16,18:38:41,-07:00,2025-04-16T18:38:41-07:00,0,0
index.html,12,html,669d3f38,neildewan7,2025-04-20,15:30:42,-07:00,2025-04-20T15:30:42-07:00,1,17
index.html,13,html,669d3f38,neildewan7,2025-04-20,15:30:42,-07:00,2025-04-20T15:30:42-07:00,1,123
index.html,14,html,669d3f38,neildewan7,2025-04-20,15:30:42,-07:00,2025-04-20T15:30:42-07:00,1,55
index.html,15,html,ff7856d8,neildewan7,2025-05-02,22:21:44,-07:00,2025-05-02T22:21:44-07:00,1,35
index.html,16,html,ff7856d8,neildewan7,2025-05-02,22:21:44,-07:00,2025-05-02T22:21:44-07:00,1,21
index.html,17,html,ff7856d8,neildewan7,2025-05-02,22:21:44,-07:00,2025-05-02T22:21:44-07:00,2,54
index.html,18,html,ff7856d8,neildewan7,2025-05-02,22:21:44,-07:00,2025-05-02T22:21:44-07:00,2,22
index.html,19,html,ff7856d8,neildewan7,2025-05-02,22:21:44,-07:00,2025-05-02T22:21:44-07:00,1,4
index.html,20,html,a2f16123,neildewan7,2025-05-02,22:55:14,-07:00,2025-05-02T22:55:14-07:00,1,4
index.html,21,html,a2f16123,neildewan7,2025-05-02,22:55:14,-07:00,2025-05-02T22:55:14-07:00,1,15
index.html,22,html,a2f16123,neildewan7,2025-05-02,22:55:14,-07:00,2025-05-02T22:55:14-07:00,1,11
index.html,23,html,a2f16123,neildewan7,2025-05-02,22:55:14,-07:00,2025-05-02T22:55:14-07:00,1,26
index.html,24,html,a2f16123,neildewan7,2025-05-02,22:55:14,-07:00,2025-05-02T22:55:14-07:00,1,31
index.html,25,html,a2f16123,neildewan7,2025-05-02,22:55:14,-07:00,2025-05-02T22:55:14-07:00,0,0
index.html,26,html,669d3f38,neildewan7,2025-04-20,15:30:42,-07:00,2025-04-20T15:30:42-07:00,0,0
index.html,27,html,669d3f38,neildewan7,2025-04-20,15:30:42,-07:00,2025-04-20T15:30:42-07:00,1,22
index.html,28,html,669d3f38,neildewan7,2025-04-20,15:30:42,-07:00,2025-04-20T15:30:42-07:00,1,20
index.html,29,html,669d3f38,neildewan7,2025-04-20,15:30:42,-07:00,2025-04-20T15:30:42-07:00,2,46
index.html,30,html,669d3f38,neildewan7,2025-04-20,15:30:42,-07:00,2025-04-20T15:30:42-07:00,1,4
index.html,31,html,669d3f38,neildewan7,2025-04-20,15:30:42,-07:00,2025-04-20T15:30:42-07:00,0,0
index.html,32,html,669d3f38,neildewan7,2025-04-20,15:30:42,-07:00,2025-04-20T15:30:42-07:00,1,19
index.html,33,html,669d3f38,neildewan7,2025-04-20,15:30:42,-07:00,2025-04-20T15:30:42-07:00,1,22
index.html,34,html,669d3f38,neildewan7,2025-04-20,15:30:42,-07:00,2025-04-20T15:30:42-07:00,2,41
index.html,35,html,669d3f38,neildewan7,2025-04-20,15:30:42,-07:00,2025-04-20T15:30:42-07:00,1,4
index.html,36,html,669d3f38,neildewan7,2025-04-20,15:30:42,-07:00,2025-04-20T15:30:42-07:00,0,0
index.html,37,html,669d3f38,neildewan7,2025-04-20,15:30:42,-07:00,2025-04-20T15:30:42-07:00,1,50
index.html,38,html,4091e1f1,neildewan7,2025-04-03,11:21:11,-07:00,2025-04-03T11:21:11-07:00,0,5
index.html,39,html,669d3f38,neildewan7,2025-04-20,15:30:42,-07:00,2025-04-20T15:30:42-07:00,0,5
global.js,1,js,68244cb8,neildewan7,2025-04-16,18:38:41,-07:00,2025-04-16T18:38:41-07:00,0,25
global.js,2,js,e40a6547,neildewan7,2025-04-20,15:20:11,-07:00,2025-04-20T15:20:11-07:00,0,36
global.js,3,js,e40a6547,neildewan7,2025-04-20,15:20:11,-07:00,2025-04-20T15:20:11-07:00,1,3
global.js,4,js,e40a6547,neildewan7,2025-04-20,15:20:11,-07:00,2025-04-20T15:20:11-07:00,2,32
global.js,5,js,e40a6547,neildewan7,2025-04-20,15:20:11,-07:00,2025-04-20T15:20:11-07:00,2,17
global.js,6,js,e40a6547,neildewan7,2025-04-20,15:20:11,-07:00,2025-04-20T15:20:11-07:00,3,66
global.js,7,js,e40a6547,neildewan7,2025-04-20,15:20:11,-07:00,2025-04-20T15:20:11-07:00,2,0
global.js,8,js,e40a6547,neildewan7,2025-04-20,15:20:11,-07:00,2025-04-20T15:20:11-07:00,2,33
global.js,9,js,e40a6547,neildewan7,2025-04-20,15:20:11,-07:00,2025-04-20T15:20:11-07:00,2,10
global.js,10,js,e40a6547,neildewan7,2025-04-20,15:20:11,-07:00,2025-04-20T15:20:11-07:00,1,15
global.js,11,js,e40a6547,neildewan7,2025-04-20,15:20:11,-07:00,2025-04-20T15:20:11-07:00,2,59
global.js,12,js,e40a6547,neildewan7,2025-04-20,15:20:11,-07:00,2025-04-20T15:20:11-07:00,1,0
global.js,13,js,e40a6547,neildewan7,2025-04-20,15:20:11,-07:00,2025-04-20T15:20:11-07:00,0,0
global.js,14,js,669d3f38,neildewan7,2025-04-20,15:30:42,-07:00,2025-04-20T15:30:42-07:00,0,47
global.js,15,js,669d3f38,neildewan7,2025-04-20,15:30:42,-07:00,2025-04-20T15:30:42-07:00,1,59
global.js,16,js,669d3f38,neildewan7,2025-04-20,15:30:42,-07:00,2025-04-20T15:30:42-07:00,0,0
global.js,17,js,669d3f38,neildewan7,2025-04-20,15:30:42,-07:00,2025-04-20T15:30:42-07:00,0,0
global.js,18,js,e40a6547,neildewan7,2025-04-20,15:20:11,-07:00,2025-04-20T15:20:11-07:00,0,79
global.js,19,js,e40a6547,neildewan7,2025-04-20,15:20:11,-07:00,2025-04-20T15:20:11-07:00,1,23
global.js,20,js,e40a6547,neildewan7,2025-04-20,15:20:11,-07:00,2025-04-20T15:20:11-07:00,1,30
global.js,21,js,e40a6547,neildewan7,2025-04-20,15:20:11,-07:00,2025-04-20T15:20:11-07:00,0,0
global.js,22,js,e40a6547,neildewan7,2025-04-20,15:20:11,-07:00,2025-04-20T15:20:11-07:00,1,31
global.js,23,js,e40a6547,neildewan7,2025-04-20,15:20:11,-07:00,2025-04-20T15:20:11-07:00,2,28
global.js,24,js,e40a6547,neildewan7,2025-04-20,15:20:11,-07:00,2025-04-20T15:20:11-07:00,2,48
global.js,25,js,e40a6547,neildewan7,2025-04-20,15:20:11,-07:00,2025-04-20T15:20:11-07:00,0,0
global.js,26,js,e40a6547,neildewan7,2025-04-20,15:20:11,-07:00,2025-04-20T15:20:11-07:00,2,47
global.js,27,js,e40a6547,neildewan7,2025-04-20,15:20:11,-07:00,2025-04-20T15:20:11-07:00,2,19
global.js,28,js,ff7856d8,neildewan7,2025-05-02,22:21:44,-07:00,2025-05-02T22:21:44-07:00,1,119
global.js,29,js,ff7856d8,neildewan7,2025-05-02,22:21:44,-07:00,2025-05-02T22:21:44-07:00,1,49
global.js,30,js,ff7856d8,neildewan7,2025-05-02,22:21:44,-07:00,2025-05-02T22:21:44-07:00,1,27
global.js,31,js,ff7856d8,neildewan7,2025-05-02,22:21:44,-07:00,2025-05-02T22:21:44-07:00,0,0
global.js,32,js,e40a6547,neildewan7,2025-04-20,15:20:11,-07:00,2025-04-20T15:20:11-07:00,0,0
global.js,33,js,e40a6547,neildewan7,2025-04-20,15:20:11,-07:00,2025-04-20T15:20:11-07:00,2,36
global.js,34,js,e40a6547,neildewan7,2025-04-20,15:20:11,-07:00,2025-04-20T15:20:11-07:00,2,36
global.js,35,js,e40a6547,neildewan7,2025-04-20,15:20:11,-07:00,2025-04-20T15:20:11-07:00,1,0
global.js,36,js,e40a6547,neildewan7,2025-04-20,15:20:11,-07:00,2025-04-20T15:20:11-07:00,0,0
global.js,37,js,e40a6547,neildewan7,2025-04-20,15:20:11,-07:00,2025-04-20T15:20:11-07:00,0,0
global.js,38,js,68244cb8,neildewan7,2025-04-16,18:38:41,-07:00,2025-04-16T18:38:41-07:00,0,0
global.js,39,js,68244cb8,neildewan7,2025-04-16,18:38:41,-07:00,2025-04-16T18:38:41-07:00,0,41
global.js,40,js,68244cb8,neildewan7,2025-04-16,18:38:41,-07:00,2025-04-16T18:38:41-07:00,1,52
global.js,41,js,68244cb8,neildewan7,2025-04-16,18:38:41,-07:00,2025-04-16T18:38:41-07:00,0,0
global.js,42,js,68244cb8,neildewan7,2025-04-16,18:38:41,-07:00,2025-04-16T18:38:41-07:00,0,0
global.js,43,js,68244cb8,neildewan7,2025-04-16,18:38:41,-07:00,2025-04-16T18:38:41-07:00,0,0
global.js,44,js,68244cb8,neildewan7,2025-04-16,18:38:41,-07:00,2025-04-16T18:38:41-07:00,0,15
global.js,45,js,68244cb8,neildewan7,2025-04-16,18:38:41,-07:00,2025-04-16T18:38:41-07:00,1,68
global.js,46,js,68244cb8,neildewan7,2025-04-16,18:38:41,-07:00,2025-04-16T18:38:41-07:00,2,3
global.js,47,js,68244cb8,neildewan7,2025-04-16,18:38:41,-07:00,2025-04-16T18:38:41-07:00,2,73
global.js,48,js,68244cb8,neildewan7,2025-04-16,18:38:41,-07:00,2025-04-16T18:38:41-07:00,0,0
global.js,49,js,68244cb8,neildewan7,2025-04-16,18:38:41,-07:00,2025-04-16T18:38:41-07:00,0,11
global.js,50,js,68244cb8,neildewan7,2025-04-16,18:38:41,-07:00,2025-04-16T18:38:41-07:00,1,25
global.js,51,js,68244cb8,neildewan7,2025-04-16,18:38:41,-07:00,2025-04-16T18:38:41-07:00,1,38
global.js,52,js,b3af5a92,neildewan7,2025-04-16,19:03:26,-07:00,2025-04-16T19:03:26-07:00,1,34
global.js,53,js,68244cb8,neildewan7,2025-04-16,18:38:41,-07:00,2025-04-16T18:38:41-07:00,1,36
global.js,54,js,68244cb8,neildewan7,2025-04-16,18:38:41,-07:00,2025-04-16T18:38:41-07:00,1,55
global.js,55,js,68244cb8,neildewan7,2025-04-16,18:38:41,-07:00,2025-04-16T18:38:41-07:00,0,0
global.js,56,js,68244cb8,neildewan7,2025-04-16,18:38:41,-07:00,2025-04-16T18:38:41-07:00,0,0
global.js,57,js,68244cb8,neildewan7,2025-04-16,18:38:41,-07:00,2025-04-16T18:38:41-07:00,0,38
global.js,58,js,68244cb8,neildewan7,2025-04-16,18:38:41,-07:00,2025-04-16T18:38:41-07:00,0,25
global.js,59,js,68244cb8,neildewan7,2025-04-16,18:38:41,-07:00,2025-04-16T18:38:41-07:00,0,0
global.js,60,js,68244cb8,neildewan7,2025-04-16,18:38:41,-07:00,2025-04-16T18:38:41-07:00,0,20
global.js,61,js,68244cb8,neildewan7,2025-04-16,18:38:41,-07:00,2025-04-16T18:38:41-07:00,2,14
global.js,62,js,68244cb8,neildewan7,2025-04-16,18:38:41,-07:00,2025-04-16T18:38:41-07:00,2,18
global.js,63,js,68244cb8,neildewan7,2025-04-16,18:38:41,-07:00,2025-04-16T18:38:41-07:00,1,0
global.js,64,js,68244cb8,neildewan7,2025-04-16,18:38:41,-07:00,2025-04-16T18:38:41-07:00,2,40
global.js,65,js,68244cb8,neildewan7,2025-04-16,18:38:41,-07:00,2025-04-16T18:38:41-07:00,2,28
global.js,66,js,68244cb8,neildewan7,2025-04-16,18:38:41,-07:00,2025-04-16T18:38:41-07:00,3,20
global.js,67,js,68244cb8,neildewan7,2025-04-16,18:38:41,-07:00,2025-04-16T18:38:41-07:00,2,0
global.js,68,js,68244cb8,neildewan7,2025-04-16,18:38:41,-07:00,2025-04-16T18:38:41-07:00,1,0
global.js,69,js,68244cb8,neildewan7,2025-04-16,18:38:41,-07:00,2025-04-16T18:38:41-07:00,2,19
global.js,70,js,68244cb8,neildewan7,2025-04-16,18:38:41,-07:00,2025-04-16T18:38:41-07:00,2,34
global.js,71,js,68244cb8,neildewan7,2025-04-16,18:38:41,-07:00,2025-04-16T18:38:41-07:00,2,11
global.js,72,js,68244cb8,neildewan7,2025-04-16,18:38:41,-07:00,2025-04-16T18:38:41-07:00,2,20
global.js,73,js,68244cb8,neildewan7,2025-04-16,18:38:41,-07:00,2025-04-16T18:38:41-07:00,1,0
global.js,74,js,68244cb8,neildewan7,2025-04-16,18:38:41,-07:00,2025-04-16T18:38:41-07:00,2,26
global.js,75,js,68244cb8,neildewan7,2025-04-16,18:38:41,-07:00,2025-04-16T18:38:41-07:00,2,17
global.js,76,js,68244cb8,neildewan7,2025-04-16,18:38:41,-07:00,2025-04-16T18:38:41-07:00,3,8
global.js,77,js,68244cb8,neildewan7,2025-04-16,18:38:41,-07:00,2025-04-16T18:38:41-07:00,3,58
global.js,78,js,68244cb8,neildewan7,2025-04-16,18:38:41,-07:00,2025-04-16T18:38:41-07:00,2,0
global.js,79,js,68244cb8,neildewan7,2025-04-16,18:38:41,-07:00,2025-04-16T18:38:41-07:00,1,0
global.js,80,js,68244cb8,neildewan7,2025-04-16,18:38:41,-07:00,2025-04-16T18:38:41-07:00,2,50
global.js,81,js,68244cb8,neildewan7,2025-04-16,18:38:41,-07:00,2025-04-16T18:38:41-07:00,2,52
global.js,82,js,68244cb8,neildewan7,2025-04-16,18:38:41,-07:00,2025-04-16T18:38:41-07:00,2,49
global.js,83,js,68244cb8,neildewan7,2025-04-16,18:38:41,-07:00,2025-04-16T18:38:41-07:00,1,0
global.js,84,js,68244cb8,neildewan7,2025-04-16,18:38:41,-07:00,2025-04-16T18:38:41-07:00,2,11
global.js,85,js,68244cb8,neildewan7,2025-04-16,18:38:41,-07:00,2025-04-16T18:38:41-07:00,2,12
global.js,86,js,68244cb8,neildewan7,2025-04-16,18:38:41,-07:00,2025-04-16T18:38:41-07:00,1,0
global.js,87,js,68244cb8,neildewan7,2025-04-16,18:38:41,-07:00,2025-04-16T18:38:41-07:00,1,0
global.js,88,js,68244cb8,neildewan7,2025-04-16,18:38:41,-07:00,2025-04-16T18:38:41-07:00,0,0
global.js,89,js,68244cb8,neildewan7,2025-04-16,18:38:41,-07:00,2025-04-16T18:38:41-07:00,0,0
global.js,90,js,68244cb8,neildewan7,2025-04-16,18:38:41,-07:00,2025-04-16T18:38:41-07:00,0,31
global.js,91,js,68244cb8,neildewan7,2025-04-16,18:38:41,-07:00,2025-04-16T18:38:41-07:00,1,11
global.js,92,js,68244cb8,neildewan7,2025-04-16,18:38:41,-07:00,2025-04-16T18:38:41-07:00,1,0
global.js,93,js,68244cb8,neildewan7,2025-04-16,18:38:41,-07:00,2025-04-16T18:38:41-07:00,2,26
global.js,94,js,68244cb8,neildewan7,2025-04-16,18:38:41,-07:00,2025-04-16T18:38:41-07:00,4,4
global.js,95,js,68244cb8,neildewan7,2025-04-16,18:38:41,-07:00,2025-04-16T18:38:41-07:00,4,6
global.js,96,js,68244cb8,neildewan7,2025-04-16,18:38:41,-07:00,2025-04-16T18:38:41-07:00,6,43
global.js,97,js,68244cb8,neildewan7,2025-04-16,18:38:41,-07:00,2025-04-16T18:38:41-07:00,6,34
global.js,98,js,68244cb8,neildewan7,2025-04-16,18:38:41,-07:00,2025-04-16T18:38:41-07:00,6,32
global.js,99,js,68244cb8,neildewan7,2025-04-16,18:38:41,-07:00,2025-04-16T18:38:41-07:00,4,7
global.js,100,js,68244cb8,neildewan7,2025-04-16,18:38:41,-07:00,2025-04-16T18:38:41-07:00,2,8
global.js,101,js,68244cb8,neildewan7,2025-04-16,18:38:41,-07:00,2025-04-16T18:38:41-07:00,0,0
global.js,102,js,68244cb8,neildewan7,2025-04-16,18:38:41,-07:00,2025-04-16T18:38:41-07:00,0,49
global.js,103,js,68244cb8,neildewan7,2025-04-16,18:38:41,-07:00,2025-04-16T18:38:41-07:00,0,0
global.js,104,js,68244cb8,neildewan7,2025-04-16,18:38:41,-07:00,2025-04-16T18:38:41-07:00,0,43
global.js,105,js,68244cb8,neildewan7,2025-04-16,18:38:41,-07:00,2025-04-16T18:38:41-07:00,1,55
global.js,106,js,68244cb8,neildewan7,2025-04-16,18:38:41,-07:00,2025-04-16T18:38:41-07:00,0,0
global.js,107,js,68244cb8,neildewan7,2025-04-16,18:38:41,-07:00,2025-04-16T18:38:41-07:00,1,30
global.js,108,js,68244cb8,neildewan7,2025-04-16,18:38:41,-07:00,2025-04-16T18:38:41-07:00,1,52
global.js,109,js,68244cb8,neildewan7,2025-04-16,18:38:41,-07:00,2025-04-16T18:38:41-07:00,1,16
global.js,110,js,68244cb8,neildewan7,2025-04-16,18:38:41,-07:00,2025-04-16T18:38:41-07:00,0,0
global.js,111,js,68244cb8,neildewan7,2025-04-16,18:38:41,-07:00,2025-04-16T18:38:41-07:00,1,31
global.js,112,js,68244cb8,neildewan7,2025-04-16,18:38:41,-07:00,2025-04-16T18:38:41-07:00,2,40
global.js,113,js,68244cb8,neildewan7,2025-04-16,18:38:41,-07:00,2025-04-16T18:38:41-07:00,2,32
global.js,114,js,68244cb8,neildewan7,2025-04-16,18:38:41,-07:00,2025-04-16T18:38:41-07:00,1,0
global.js,115,js,68244cb8,neildewan7,2025-04-16,18:38:41,-07:00,2025-04-16T18:38:41-07:00,0,0
global.js,116,js,68244cb8,neildewan7,2025-04-16,18:38:41,-07:00,2025-04-16T18:38:41-07:00,1,29
global.js,117,js,68244cb8,neildewan7,2025-04-16,18:38:41,-07:00,2025-04-16T18:38:41-07:00,1,44
global.js,118,js,68244cb8,neildewan7,2025-04-16,18:38:41,-07:00,2025-04-16T18:38:41-07:00,0,0
global.js,119,js,68244cb8,neildewan7,2025-04-16,18:38:41,-07:00,2025-04-16T18:38:41-07:00,1,25
global.js,120,js,68244cb8,neildewan7,2025-04-16,18:38:41,-07:00,2025-04-16T18:38:41-07:00,0,1
global.js,121,js,68244cb8,neildewan7,2025-04-16,18:38:41,-07:00,2025-04-16T18:38:41-07:00,0,0
global.js,122,js,68244cb8,neildewan7,2025-04-16,18:38:41,-07:00,2025-04-16T18:38:41-07:00,0,58
global.js,123,js,68244cb8,neildewan7,2025-04-16,18:38:41,-07:00,2025-04-16T18:38:41-07:00,0,0
global.js,124,js,68244cb8,neildewan7,2025-04-16,18:38:41,-07:00,2025-04-16T18:38:41-07:00,0,31
global.js,125,js,68244cb8,neildewan7,2025-04-16,18:38:41,-07:00,2025-04-16T18:38:41-07:00,1,65
global.js,126,js,68244cb8,neildewan7,2025-04-16,18:38:41,-07:00,2025-04-16T18:38:41-07:00,0,0
global.js,127,js,68244cb8,neildewan7,2025-04-16,18:38:41,-07:00,2025-04-16T18:38:41-07:00,0,0
global.js,128,js,68244cb8,neildewan7,2025-04-16,18:38:41,-07:00,2025-04-16T18:38:41-07:00,0,31
global.js,129,js,68244cb8,neildewan7,2025-04-16,18:38:41,-07:00,2025-04-16T18:38:41-07:00,0,34
global.js,130,js,68244cb8,neildewan7,2025-04-16,18:38:41,-07:00,2025-04-16T18:38:41-07:00,1,43
global.js,131,js,68244cb8,neildewan7,2025-04-16,18:38:41,-07:00,2025-04-16T18:38:41-07:00,1,26
global.js,132,js,68244cb8,neildewan7,2025-04-16,18:38:41,-07:00,2025-04-16T18:38:41-07:00,1,25
global.js,133,js,68244cb8,neildewan7,2025-04-16,18:38:41,-07:00,2025-04-16T18:38:41-07:00,0,0
global.js,134,js,68244cb8,neildewan7,2025-04-16,18:38:41,-07:00,2025-04-16T18:38:41-07:00,0,0
global.js,135,js,68244cb8,neildewan7,2025-04-16,18:38:41,-07:00,2025-04-16T18:38:41-07:00,0,30
global.js,136,js,68244cb8,neildewan7,2025-04-16,18:38:41,-07:00,2025-04-16T18:38:41-07:00,0,43
global.js,137,js,68244cb8,neildewan7,2025-04-16,18:38:41,-07:00,2025-04-16T18:38:41-07:00,1,32
global.js,138,js,68244cb8,neildewan7,2025-04-16,18:38:41,-07:00,2025-04-16T18:38:41-07:00,1,32
global.js,139,js,68244cb8,neildewan7,2025-04-16,18:38:41,-07:00,2025-04-16T18:38:41-07:00,1,21
global.js,140,js,68244cb8,neildewan7,2025-04-16,18:38:41,-07:00,2025-04-16T18:38:41-07:00,0,1
resume/index.html,1,html,92a4b18e,neildewan7,2025-04-03,20:26:21,-07:00,2025-04-03T20:26:21-07:00,0,13
resume/index.html,2,html,92a4b18e,neildewan7,2025-04-03,20:26:21,-07:00,2025-04-03T20:26:21-07:00,0,14
resume/index.html,3,html,92a4b18e,neildewan7,2025-04-03,20:26:21,-07:00,2025-04-03T20:26:21-07:00,0,4
resume/index.html,4,html,92a4b18e,neildewan7,2025-04-03,20:26:21,-07:00,2025-04-03T20:26:21-07:00,2,20
resume/index.html,5,html,92a4b18e,neildewan7,2025-04-03,20:26:21,-07:00,2025-04-03T20:26:21-07:00,2,68
resume/index.html,6,html,92a4b18e,neildewan7,2025-04-03,20:26:21,-07:00,2025-04-03T20:26:21-07:00,2,31
resume/index.html,7,html,92a4b18e,neildewan7,2025-04-03,20:26:21,-07:00,2025-04-03T20:26:21-07:00,2,41
resume/index.html,8,html,68244cb8,neildewan7,2025-04-16,18:38:41,-07:00,2025-04-16T18:38:41-07:00,2,48
resume/index.html,9,html,92a4b18e,neildewan7,2025-04-03,20:26:21,-07:00,2025-04-03T20:26:21-07:00,0,5
resume/index.html,10,html,92a4b18e,neildewan7,2025-04-03,20:26:21,-07:00,2025-04-03T20:26:21-07:00,0,4
resume/index.html,11,html,23c1eb6b,neildewan7,2025-04-11,15:46:04,-07:00,2025-04-11T15:46:04-07:00,2,13
resume/index.html,12,html,92a4b18e,neildewan7,2025-04-03,20:26:21,-07:00,2025-04-03T20:26:21-07:00,0,0
resume/index.html,13,html,92a4b18e,neildewan7,2025-04-03,20:26:21,-07:00,2025-04-03T20:26:21-07:00,2,27
resume/index.html,14,html,92a4b18e,neildewan7,2025-04-03,20:26:21,-07:00,2025-04-03T20:26:21-07:00,2,26
resume/index.html,15,html,92a4b18e,neildewan7,2025-04-03,20:26:21,-07:00,2025-04-03T20:26:21-07:00,4,6
resume/index.html,16,html,92a4b18e,neildewan7,2025-04-03,20:26:21,-07:00,2025-04-03T20:26:21-07:00,6,27
resume/index.html,17,html,92a4b18e,neildewan7,2025-04-03,20:26:21,-07:00,2025-04-03T20:26:21-07:00,4,7
resume/index.html,18,html,92a4b18e,neildewan7,2025-04-03,20:26:21,-07:00,2025-04-03T20:26:21-07:00,4,21
resume/index.html,19,html,92a4b18e,neildewan7,2025-04-03,20:26:21,-07:00,2025-04-03T20:26:21-07:00,4,51
resume/index.html,20,html,92a4b18e,neildewan7,2025-04-03,20:26:21,-07:00,2025-04-03T20:26:21-07:00,4,27
resume/index.html,21,html,92a4b18e,neildewan7,2025-04-03,20:26:21,-07:00,2025-04-03T20:26:21-07:00,4,24
resume/index.html,22,html,92a4b18e,neildewan7,2025-04-03,20:26:21,-07:00,2025-04-03T20:26:21-07:00,2,8
resume/index.html,23,html,92a4b18e,neildewan7,2025-04-03,20:26:21,-07:00,2025-04-03T20:26:21-07:00,0,0
resume/index.html,24,html,92a4b18e,neildewan7,2025-04-03,20:26:21,-07:00,2025-04-03T20:26:21-07:00,2,16
resume/index.html,25,html,92a4b18e,neildewan7,2025-04-03,20:26:21,-07:00,2025-04-03T20:26:21-07:00,2,22
resume/index.html,26,html,92a4b18e,neildewan7,2025-04-03,20:26:21,-07:00,2025-04-03T20:26:21-07:00,4,6
resume/index.html,27,html,92a4b18e,neildewan7,2025-04-03,20:26:21,-07:00,2025-04-03T20:26:21-07:00,6,16
resume/index.html,28,html,92a4b18e,neildewan7,2025-04-03,20:26:21,-07:00,2025-04-03T20:26:21-07:00,4,7
resume/index.html,29,html,92a4b18e,neildewan7,2025-04-03,20:26:21,-07:00,2025-04-03T20:26:21-07:00,0,0
resume/index.html,30,html,92a4b18e,neildewan7,2025-04-03,20:26:21,-07:00,2025-04-03T20:26:21-07:00,4,11
resume/index.html,31,html,92a4b18e,neildewan7,2025-04-03,20:26:21,-07:00,2025-04-03T20:26:21-07:00,4,31
resume/index.html,32,html,92a4b18e,neildewan7,2025-04-03,20:26:21,-07:00,2025-04-03T20:26:21-07:00,6,41
resume/index.html,33,html,92a4b18e,neildewan7,2025-04-03,20:26:21,-07:00,2025-04-03T20:26:21-07:00,6,22
resume/index.html,34,html,92a4b18e,neildewan7,2025-04-03,20:26:21,-07:00,2025-04-03T20:26:21-07:00,6,60
resume/index.html,35,html,92a4b18e,neildewan7,2025-04-03,20:26:21,-07:00,2025-04-03T20:26:21-07:00,6,14
resume/index.html,36,html,92a4b18e,neildewan7,2025-04-03,20:26:21,-07:00,2025-04-03T20:26:21-07:00,4,8
resume/index.html,37,html,92a4b18e,neildewan7,2025-04-03,20:26:21,-07:00,2025-04-03T20:26:21-07:00,0,0
resume/index.html,38,html,92a4b18e,neildewan7,2025-04-03,20:26:21,-07:00,2025-04-03T20:26:21-07:00,4,27
resume/index.html,39,html,92a4b18e,neildewan7,2025-04-03,20:26:21,-07:00,2025-04-03T20:26:21-07:00,4,31
resume/index.html,40,html,92a4b18e,neildewan7,2025-04-03,20:26:21,-07:00,2025-04-03T20:26:21-07:00,6,27
resume/index.html,41,html,92a4b18e,neildewan7,2025-04-03,20:26:21,-07:00,2025-04-03T20:26:21-07:00,6,50
resume/index.html,42,html,92a4b18e,neildewan7,2025-04-03,20:26:21,-07:00,2025-04-03T20:26:21-07:00,6,13
resume/index.html,43,html,92a4b18e,neildewan7,2025-04-03,20:26:21,-07:00,2025-04-03T20:26:21-07:00,4,8
resume/index.html,44,html,92a4b18e,neildewan7,2025-04-03,20:26:21,-07:00,2025-04-03T20:26:21-07:00,2,8
resume/index.html,45,html,92a4b18e,neildewan7,2025-04-03,20:26:21,-07:00,2025-04-03T20:26:21-07:00,0,0
resume/index.html,46,html,92a4b18e,neildewan7,2025-04-03,20:26:21,-07:00,2025-04-03T20:26:21-07:00,2,17
resume/index.html,47,html,92a4b18e,neildewan7,2025-04-03,20:26:21,-07:00,2025-04-03T20:26:21-07:00,2,23
resume/index.html,48,html,92a4b18e,neildewan7,2025-04-03,20:26:21,-07:00,2025-04-03T20:26:21-07:00,4,6
resume/index.html,49,html,92a4b18e,neildewan7,2025-04-03,20:26:21,-07:00,2025-04-03T20:26:21-07:00,6,17
resume/index.html,50,html,92a4b18e,neildewan7,2025-04-03,20:26:21,-07:00,2025-04-03T20:26:21-07:00,4,7
resume/index.html,51,html,92a4b18e,neildewan7,2025-04-03,20:26:21,-07:00,2025-04-03T20:26:21-07:00,0,0
resume/index.html,52,html,92a4b18e,neildewan7,2025-04-03,20:26:21,-07:00,2025-04-03T20:26:21-07:00,4,29
resume/index.html,53,html,92a4b18e,neildewan7,2025-04-03,20:26:21,-07:00,2025-04-03T20:26:21-07:00,4,19
resume/index.html,54,html,92a4b18e,neildewan7,2025-04-03,20:26:21,-07:00,2025-04-03T20:26:21-07:00,6,6
resume/index.html,55,html,92a4b18e,neildewan7,2025-04-03,20:26:21,-07:00,2025-04-03T20:26:21-07:00,8,40
resume/index.html,56,html,92a4b18e,neildewan7,2025-04-03,20:26:21,-07:00,2025-04-03T20:26:21-07:00,8,58
resume/index.html,57,html,92a4b18e,neildewan7,2025-04-03,20:26:21,-07:00,2025-04-03T20:26:21-07:00,6,7
resume/index.html,58,html,92a4b18e,neildewan7,2025-04-03,20:26:21,-07:00,2025-04-03T20:26:21-07:00,6,2
resume/index.html,59,html,92a4b18e,neildewan7,2025-04-03,20:26:21,-07:00,2025-04-03T20:26:21-07:00,8,125
resume/index.html,60,html,92a4b18e,neildewan7,2025-04-03,20:26:21,-07:00,2025-04-03T20:26:21-07:00,8,102
resume/index.html,61,html,92a4b18e,neildewan7,2025-04-03,20:26:21,-07:00,2025-04-03T20:26:21-07:00,8,78
resume/index.html,62,html,92a4b18e,neildewan7,2025-04-03,20:26:21,-07:00,2025-04-03T20:26:21-07:00,8,74
resume/index.html,63,html,92a4b18e,neildewan7,2025-04-03,20:26:21,-07:00,2025-04-03T20:26:21-07:00,6,3
resume/index.html,64,html,92a4b18e,neildewan7,2025-04-03,20:26:21,-07:00,2025-04-03T20:26:21-07:00,4,8
resume/index.html,65,html,92a4b18e,neildewan7,2025-04-03,20:26:21,-07:00,2025-04-03T20:26:21-07:00,0,0
resume/index.html,66,html,92a4b18e,neildewan7,2025-04-03,20:26:21,-07:00,2025-04-03T20:26:21-07:00,2,8
resume/index.html,67,html,92a4b18e,neildewan7,2025-04-03,20:26:21,-07:00,2025-04-03T20:26:21-07:00,0,0
resume/index.html,68,html,92a4b18e,neildewan7,2025-04-03,20:26:21,-07:00,2025-04-03T20:26:21-07:00,2,32
resume/index.html,69,html,92a4b18e,neildewan7,2025-04-03,20:26:21,-07:00,2025-04-03T20:26:21-07:00,2,34
resume/index.html,70,html,92a4b18e,neildewan7,2025-04-03,20:26:21,-07:00,2025-04-03T20:26:21-07:00,4,6
resume/index.html,71,html,92a4b18e,neildewan7,2025-04-03,20:26:21,-07:00,2025-04-03T20:26:21-07:00,6,32
resume/index.html,72,html,92a4b18e,neildewan7,2025-04-03,20:26:21,-07:00,2025-04-03T20:26:21-07:00,4,7
resume/index.html,73,html,92a4b18e,neildewan7,2025-04-03,20:26:21,-07:00,2025-04-03T20:26:21-07:00,0,0
resume/index.html,74,html,92a4b18e,neildewan7,2025-04-03,20:26:21,-07:00,2025-04-03T20:26:21-07:00,4,36
resume/index.html,75,html,92a4b18e,neildewan7,2025-04-03,20:26:21,-07:00,2025-04-03T20:26:21-07:00,4,24
resume/index.html,76,html,92a4b18e,neildewan7,2025-04-03,20:26:21,-07:00,2025-04-03T20:26:21-07:00,6,71
resume/index.html,77,html,92a4b18e,neildewan7,2025-04-03,20:26:21,-07:00,2025-04-03T20:26:21-07:00,6,68
resume/index.html,78,html,92a4b18e,neildewan7,2025-04-03,20:26:21,-07:00,2025-04-03T20:26:21-07:00,6,2
resume/index.html,79,html,92a4b18e,neildewan7,2025-04-03,20:26:21,-07:00,2025-04-03T20:26:21-07:00,8,88
resume/index.html,80,html,92a4b18e,neildewan7,2025-04-03,20:26:21,-07:00,2025-04-03T20:26:21-07:00,8,73
resume/index.html,81,html,92a4b18e,neildewan7,2025-04-03,20:26:21,-07:00,2025-04-03T20:26:21-07:00,6,3
resume/index.html,82,html,92a4b18e,neildewan7,2025-04-03,20:26:21,-07:00,2025-04-03T20:26:21-07:00,4,8
resume/index.html,83,html,92a4b18e,neildewan7,2025-04-03,20:26:21,-07:00,2025-04-03T20:26:21-07:00,0,0
resume/index.html,84,html,92a4b18e,neildewan7,2025-04-03,20:26:21,-07:00,2025-04-03T20:26:21-07:00,4,31
resume/index.html,85,html,92a4b18e,neildewan7,2025-04-03,20:26:21,-07:00,2025-04-03T20:26:21-07:00,4,24
resume/index.html,86,html,92a4b18e,neildewan7,2025-04-03,20:26:21,-07:00,2025-04-03T20:26:21-07:00,6,72
resume/index.html,87,html,92a4b18e,neildewan7,2025-04-03,20:26:21,-07:00,2025-04-03T20:26:21-07:00,6,63
resume/index.html,88,html,92a4b18e,neildewan7,2025-04-03,20:26:21,-07:00,2025-04-03T20:26:21-07:00,6,2
resume/index.html,89,html,92a4b18e,neildewan7,2025-04-03,20:26:21,-07:00,2025-04-03T20:26:21-07:00,8,79
resume/index.html,90,html,92a4b18e,neildewan7,2025-04-03,20:26:21,-07:00,2025-04-03T20:26:21-07:00,8,81
resume/index.html,91,html,92a4b18e,neildewan7,2025-04-03,20:26:21,-07:00,2025-04-03T20:26:21-07:00,8,91
resume/index.html,92,html,92a4b18e,neildewan7,2025-04-03,20:26:21,-07:00,2025-04-03T20:26:21-07:00,6,3
resume/index.html,93,html,92a4b18e,neildewan7,2025-04-03,20:26:21,-07:00,2025-04-03T20:26:21-07:00,4,8
resume/index.html,94,html,92a4b18e,neildewan7,2025-04-03,20:26:21,-07:00,2025-04-03T20:26:21-07:00,0,0
resume/index.html,95,html,92a4b18e,neildewan7,2025-04-03,20:26:21,-07:00,2025-04-03T20:26:21-07:00,2,8
resume/index.html,96,html,92a4b18e,neildewan7,2025-04-03,20:26:21,-07:00,2025-04-03T20:26:21-07:00,0,0
resume/index.html,97,html,92a4b18e,neildewan7,2025-04-03,20:26:21,-07:00,2025-04-03T20:26:21-07:00,2,25
resume/index.html,98,html,92a4b18e,neildewan7,2025-04-03,20:26:21,-07:00,2025-04-03T20:26:21-07:00,2,29
resume/index.html,99,html,92a4b18e,neildewan7,2025-04-03,20:26:21,-07:00,2025-04-03T20:26:21-07:00,4,42
resume/index.html,100,html,92a4b18e,neildewan7,2025-04-03,20:26:21,-07:00,2025-04-03T20:26:21-07:00,0,0
resume/index.html,101,html,92a4b18e,neildewan7,2025-04-03,20:26:21,-07:00,2025-04-03T20:26:21-07:00,4,13
resume/index.html,102,html,92a4b18e,neildewan7,2025-04-03,20:26:21,-07:00,2025-04-03T20:26:21-07:00,4,17
resume/index.html,103,html,92a4b18e,neildewan7,2025-04-03,20:26:21,-07:00,2025-04-03T20:26:21-07:00,6,97
resume/index.html,104,html,92a4b18e,neildewan7,2025-04-03,20:26:21,-07:00,2025-04-03T20:26:21-07:00,6,120
resume/index.html,105,html,92a4b18e,neildewan7,2025-04-03,20:26:21,-07:00,2025-04-03T20:26:21-07:00,6,212
resume/index.html,106,html,92a4b18e,neildewan7,2025-04-03,20:26:21,-07:00,2025-04-03T20:26:21-07:00,4,3
resume/index.html,107,html,92a4b18e,neildewan7,2025-04-03,20:26:21,-07:00,2025-04-03T20:26:21-07:00,0,0
resume/index.html,108,html,92a4b18e,neildewan7,2025-04-03,20:26:21,-07:00,2025-04-03T20:26:21-07:00,2,8
resume/index.html,109,html,92a4b18e,neildewan7,2025-04-03,20:26:21,-07:00,2025-04-03T20:26:21-07:00,0,0
resume/index.html,110,html,92a4b18e,neildewan7,2025-04-03,20:26:21,-07:00,2025-04-03T20:26:21-07:00,2,13
resume/index.html,111,html,92a4b18e,neildewan7,2025-04-03,20:26:21,-07:00,2025-04-03T20:26:21-07:00,2,18
resume/index.html,112,html,92a4b18e,neildewan7,2025-04-03,20:26:21,-07:00,2025-04-03T20:26:21-07:00,4,15
resume/index.html,113,html,92a4b18e,neildewan7,2025-04-03,20:26:21,-07:00,2025-04-03T20:26:21-07:00,2,7
resume/index.html,114,html,92a4b18e,neildewan7,2025-04-03,20:26:21,-07:00,2025-04-03T20:26:21-07:00,0,0
resume/index.html,115,html,92a4b18e,neildewan7,2025-04-03,20:26:21,-07:00,2025-04-03T20:26:21-07:00,0,5
resume/index.html,116,html,92a4b18e,neildewan7,2025-04-03,20:26:21,-07:00,2025-04-03T20:26:21-07:00,0,5
projects/projects.js,1,js,ff7856d8,neildewan7,2025-05-02,22:21:44,-07:00,2025-05-02T22:21:44-07:00,0,0
projects/projects.js,2,js,e40a6547,neildewan7,2025-04-20,15:20:11,-07:00,2025-04-20T15:20:11-07:00,0,55
projects/projects.js,3,js,e40a6547,neildewan7,2025-04-20,15:20:11,-07:00,2025-04-20T15:20:11-07:00,0,0
projects/projects.js,4,js,e40a6547,neildewan7,2025-04-20,15:20:11,-07:00,2025-04-20T15:20:11-07:00,0,55
projects/projects.js,5,js,e40a6547,neildewan7,2025-04-20,15:20:11,-07:00,2025-04-20T15:20:11-07:00,0,0
projects/projects.js,6,js,e40a6547,neildewan7,2025-04-20,15:20:11,-07:00,2025-04-20T15:20:11-07:00,0,60
projects/projects.js,7,js,e40a6547,neildewan7,2025-04-20,15:20:11,-07:00,2025-04-20T15:20:11-07:00,0,48
projects/projects.js,8,js,e40a6547,neildewan7,2025-04-20,15:20:11,-07:00,2025-04-20T15:20:11-07:00,0,0
projects/projects.js,9,js,e40a6547,neildewan7,2025-04-20,15:20:11,-07:00,2025-04-20T15:20:11-07:00,0,32
projects/projects.js,10,js,e40a6547,neildewan7,2025-04-20,15:20:11,-07:00,2025-04-20T15:20:11-07:00,0,67
projects/projects.js,11,js,e40a6547,neildewan7,2025-04-20,15:20:11,-07:00,2025-04-20T15:20:11-07:00,0,24
projects/projects.js,12,js,e40a6547,neildewan7,2025-04-20,15:20:11,-07:00,2025-04-20T15:20:11-07:00,1,48
projects/projects.js,13,js,e40a6547,neildewan7,2025-04-20,15:20:11,-07:00,2025-04-20T15:20:11-07:00,0,0
projects/projects.js,14,js,ff7856d8,neildewan7,2025-05-02,22:21:44,-07:00,2025-05-02T22:21:44-07:00,0,0
projects/index.html,1,html,23c1eb6b,neildewan7,2025-04-11,15:46:04,-07:00,2025-04-11T15:46:04-07:00,0,13
projects/index.html,2,html,23c1eb6b,neildewan7,2025-04-11,15:46:04,-07:00,2025-04-11T15:46:04-07:00,0,14
projects/index.html,3,html,23c1eb6b,neildewan7,2025-04-11,15:46:04,-07:00,2025-04-11T15:46:04-07:00,0,4
projects/index.html,4,html,e40a6547,neildewan7,2025-04-20,15:20:11,-07:00,2025-04-20T15:20:11-07:00,1,22
projects/index.html,5,html,e40a6547,neildewan7,2025-04-20,15:20:11,-07:00,2025-04-20T15:20:11-07:00,1,68
projects/index.html,6,html,e40a6547,neildewan7,2025-04-20,15:20:11,-07:00,2025-04-20T15:20:11-07:00,1,33
projects/index.html,7,html,e40a6547,neildewan7,2025-04-20,15:20:11,-07:00,2025-04-20T15:20:11-07:00,1,43
projects/index.html,8,html,e40a6547,neildewan7,2025-04-20,15:20:11,-07:00,2025-04-20T15:20:11-07:00,1,48
projects/index.html,9,html,23c1eb6b,neildewan7,2025-04-11,15:46:04,-07:00,2025-04-11T15:46:04-07:00,0,5
projects/index.html,10,html,23c1eb6b,neildewan7,2025-04-11,15:46:04,-07:00,2025-04-11T15:46:04-07:00,0,4
projects/index.html,11,html,e40a6547,neildewan7,2025-04-20,15:20:11,-07:00,2025-04-20T15:20:11-07:00,2,73
projects/index.html,12,html,e40a6547,neildewan7,2025-04-20,15:20:11,-07:00,2025-04-20T15:20:11-07:00,0,0
projects/index.html,13,html,e40a6547,neildewan7,2025-04-20,15:20:11,-07:00,2025-04-20T15:20:11-07:00,0,0
projects/index.html,14,html,e40a6547,neildewan7,2025-04-20,15:20:11,-07:00,2025-04-20T15:20:11-07:00,1,20
projects/index.html,15,html,e40a6547,neildewan7,2025-04-20,15:20:11,-07:00,2025-04-20T15:20:11-07:00,2,2
projects/index.html,16,html,e40a6547,neildewan7,2025-04-20,15:20:11,-07:00,2025-04-20T15:20:11-07:00,2,7
projects/index.html,17,html,e40a6547,neildewan7,2025-04-20,15:20:11,-07:00,2025-04-20T15:20:11-07:00,3,29
projects/index.html,18,html,e40a6547,neildewan7,2025-04-20,15:20:11,-07:00,2025-04-20T15:20:11-07:00,3,70
projects/index.html,19,html,e40a6547,neildewan7,2025-04-20,15:20:11,-07:00,2025-04-20T15:20:11-07:00,3,27
projects/index.html,20,html,e40a6547,neildewan7,2025-04-20,15:20:11,-07:00,2025-04-20T15:20:11-07:00,2,8
projects/index.html,21,html,e40a6547,neildewan7,2025-04-20,15:20:11,-07:00,2025-04-20T15:20:11-07:00,2,7
projects/index.html,22,html,e40a6547,neildewan7,2025-04-20,15:20:11,-07:00,2025-04-20T15:20:11-07:00,3,36
projects/index.html,23,html,e40a6547,neildewan7,2025-04-20,15:20:11,-07:00,2025-04-20T15:20:11-07:00,3,70
projects/index.html,24,html,e40a6547,neildewan7,2025-04-20,15:20:11,-07:00,2025-04-20T15:20:11-07:00,3,38
projects/index.html,25,html,e40a6547,neildewan7,2025-04-20,15:20:11,-07:00,2025-04-20T15:20:11-07:00,2,8
projects/index.html,26,html,e40a6547,neildewan7,2025-04-20,15:20:11,-07:00,2025-04-20T15:20:11-07:00,2,7
projects/index.html,27,html,e40a6547,neildewan7,2025-04-20,15:20:11,-07:00,2025-04-20T15:20:11-07:00,3,30
projects/index.html,28,html,e40a6547,neildewan7,2025-04-20,15:20:11,-07:00,2025-04-20T15:20:11-07:00,3,70
projects/index.html,29,html,e40a6547,neildewan7,2025-04-20,15:20:11,-07:00,2025-04-20T15:20:11-07:00,3,37
projects/index.html,30,html,e40a6547,neildewan7,2025-04-20,15:20:11,-07:00,2025-04-20T15:20:11-07:00,2,8
projects/index.html,31,html,e40a6547,neildewan7,2025-04-20,15:20:11,-07:00,2025-04-20T15:20:11-07:00,2,7
projects/index.html,32,html,e40a6547,neildewan7,2025-04-20,15:20:11,-07:00,2025-04-20T15:20:11-07:00,3,37
projects/index.html,33,html,e40a6547,neildewan7,2025-04-20,15:20:11,-07:00,2025-04-20T15:20:11-07:00,3,70
projects/index.html,34,html,e40a6547,neildewan7,2025-04-20,15:20:11,-07:00,2025-04-20T15:20:11-07:00,3,37
projects/index.html,35,html,e40a6547,neildewan7,2025-04-20,15:20:11,-07:00,2025-04-20T15:20:11-07:00,2,8
projects/index.html,36,html,e40a6547,neildewan7,2025-04-20,15:20:11,-07:00,2025-04-20T15:20:11-07:00,2,7
projects/index.html,37,html,e40a6547,neildewan7,2025-04-20,15:20:11,-07:00,2025-04-20T15:20:11-07:00,3,32
projects/index.html,38,html,e40a6547,neildewan7,2025-04-20,15:20:11,-07:00,2025-04-20T15:20:11-07:00,3,70
projects/index.html,39,html,e40a6547,neildewan7,2025-04-20,15:20:11,-07:00,2025-04-20T15:20:11-07:00,3,39
projects/index.html,40,html,e40a6547,neildewan7,2025-04-20,15:20:11,-07:00,2025-04-20T15:20:11-07:00,2,8
projects/index.html,41,html,e40a6547,neildewan7,2025-04-20,15:20:11,-07:00,2025-04-20T15:20:11-07:00,2,7
projects/index.html,42,html,e40a6547,neildewan7,2025-04-20,15:20:11,-07:00,2025-04-20T15:20:11-07:00,3,34
projects/index.html,43,html,e40a6547,neildewan7,2025-04-20,15:20:11,-07:00,2025-04-20T15:20:11-07:00,3,70
projects/index.html,44,html,e40a6547,neildewan7,2025-04-20,15:20:11,-07:00,2025-04-20T15:20:11-07:00,3,27
projects/index.html,45,html,e40a6547,neildewan7,2025-04-20,15:20:11,-07:00,2025-04-20T15:20:11-07:00,2,8
projects/index.html,46,html,e40a6547,neildewan7,2025-04-20,15:20:11,-07:00,2025-04-20T15:20:11-07:00,2,7
projects/index.html,47,html,e40a6547,neildewan7,2025-04-20,15:20:11,-07:00,2025-04-20T15:20:11-07:00,3,40
projects/index.html,48,html,e40a6547,neildewan7,2025-04-20,15:20:11,-07:00,2025-04-20T15:20:11-07:00,3,70
projects/index.html,49,html,e40a6547,neildewan7,2025-04-20,15:20:11,-07:00,2025-04-20T15:20:11-07:00,3,40
projects/index.html,50,html,e40a6547,neildewan7,2025-04-20,15:20:11,-07:00,2025-04-20T15:20:11-07:00,2,8
projects/index.html,51,html,e40a6547,neildewan7,2025-04-20,15:20:11,-07:00,2025-04-20T15:20:11-07:00,2,7
projects/index.html,52,html,e40a6547,neildewan7,2025-04-20,15:20:11,-07:00,2025-04-20T15:20:11-07:00,3,40
projects/index.html,53,html,e40a6547,neildewan7,2025-04-20,15:20:11,-07:00,2025-04-20T15:20:11-07:00,3,70
projects/index.html,54,html,e40a6547,neildewan7,2025-04-20,15:20:11,-07:00,2025-04-20T15:20:11-07:00,3,35
projects/index.html,55,html,e40a6547,neildewan7,2025-04-20,15:20:11,-07:00,2025-04-20T15:20:11-07:00,2,8
projects/index.html,56,html,e40a6547,neildewan7,2025-04-20,15:20:11,-07:00,2025-04-20T15:20:11-07:00,2,7
projects/index.html,57,html,e40a6547,neildewan7,2025-04-20,15:20:11,-07:00,2025-04-20T15:20:11-07:00,3,31
projects/index.html,58,html,e40a6547,neildewan7,2025-04-20,15:20:11,-07:00,2025-04-20T15:20:11-07:00,3,70
projects/index.html,59,html,e40a6547,neildewan7,2025-04-20,15:20:11,-07:00,2025-04-20T15:20:11-07:00,3,30
projects/index.html,60,html,e40a6547,neildewan7,2025-04-20,15:20:11,-07:00,2025-04-20T15:20:11-07:00,2,8
projects/index.html,61,html,e40a6547,neildewan7,2025-04-20,15:20:11,-07:00,2025-04-20T15:20:11-07:00,2,7
projects/index.html,62,html,e40a6547,neildewan7,2025-04-20,15:20:11,-07:00,2025-04-20T15:20:11-07:00,3,44
projects/index.html,63,html,e40a6547,neildewan7,2025-04-20,15:20:11,-07:00,2025-04-20T15:20:11-07:00,3,70
projects/index.html,64,html,e40a6547,neildewan7,2025-04-20,15:20:11,-07:00,2025-04-20T15:20:11-07:00,3,30
projects/index.html,65,html,e40a6547,neildewan7,2025-04-20,15:20:11,-07:00,2025-04-20T15:20:11-07:00,2,8
projects/index.html,66,html,e40a6547,neildewan7,2025-04-20,15:20:11,-07:00,2025-04-20T15:20:11-07:00,2,7
projects/index.html,67,html,e40a6547,neildewan7,2025-04-20,15:20:11,-07:00,2025-04-20T15:20:11-07:00,3,42
projects/index.html,68,html,e40a6547,neildewan7,2025-04-20,15:20:11,-07:00,2025-04-20T15:20:11-07:00,3,70
projects/index.html,69,html,e40a6547,neildewan7,2025-04-20,15:20:11,-07:00,2025-04-20T15:20:11-07:00,3,40
projects/index.html,70,html,e40a6547,neildewan7,2025-04-20,15:20:11,-07:00,2025-04-20T15:20:11-07:00,2,8
projects/index.html,71,html,e40a6547,neildewan7,2025-04-20,15:20:11,-07:00,2025-04-20T15:20:11-07:00,2,7
projects/index.html,72,html,e40a6547,neildewan7,2025-04-20,15:20:11,-07:00,2025-04-20T15:20:11-07:00,3,40
projects/index.html,73,html,e40a6547,neildewan7,2025-04-20,15:20:11,-07:00,2025-04-20T15:20:11-07:00,3,70
projects/index.html,74,html,e40a6547,neildewan7,2025-04-20,15:20:11,-07:00,2025-04-20T15:20:11-07:00,3,34
projects/index.html,75,html,e40a6547,neildewan7,2025-04-20,15:20:11,-07:00,2025-04-20T15:20:11-07:00,2,8
projects/index.html,76,html,e40a6547,neildewan7,2025-04-20,15:20:11,-07:00,2025-04-20T15:20:11-07:00,2,1
projects/index.html,77,html,e40a6547,neildewan7,2025-04-20,15:20:11,-07:00,2025-04-20T15:20:11-07:00,1,4
projects/index.html,78,html,e40a6547,neildewan7,2025-04-20,15:20:11,-07:00,2025-04-20T15:20:11-07:00,0,0
projects/index.html,79,html,e40a6547,neildewan7,2025-04-20,15:20:11,-07:00,2025-04-20T15:20:11-07:00,1,47
projects/index.html,80,html,23c1eb6b,neildewan7,2025-04-11,15:46:04,-07:00,2025-04-11T15:46:04-07:00,0,5
projects/index.html,81,html,23c1eb6b,neildewan7,2025-04-11,15:46:04,-07:00,2025-04-11T15:46:04-07:00,0,5
contact/index.html,1,html,27de369e,neildewan7,2025-04-03,18:12:34,-07:00,2025-04-03T18:12:34-07:00,0,13
contact/index.html,2,html,27de369e,neildewan7,2025-04-03,18:12:34,-07:00,2025-04-03T18:12:34-07:00,0,14
contact/index.html,3,html,27de369e,neildewan7,2025-04-03,18:12:34,-07:00,2025-04-03T18:12:34-07:00,0,4
contact/index.html,4,html,68244cb8,neildewan7,2025-04-16,18:38:41,-07:00,2025-04-16T18:38:41-07:00,1,22
contact/index.html,5,html,68244cb8,neildewan7,2025-04-16,18:38:41,-07:00,2025-04-16T18:38:41-07:00,1,69
contact/index.html,6,html,68244cb8,neildewan7,2025-04-16,18:38:41,-07:00,2025-04-16T18:38:41-07:00,1,32
contact/index.html,7,html,68244cb8,neildewan7,2025-04-16,18:38:41,-07:00,2025-04-16T18:38:41-07:00,1,43
contact/index.html,8,html,68244cb8,neildewan7,2025-04-16,18:38:41,-07:00,2025-04-16T18:38:41-07:00,1,48
contact/index.html,9,html,27de369e,neildewan7,2025-04-03,18:12:34,-07:00,2025-04-03T18:12:34-07:00,0,5
contact/index.html,10,html,27de369e,neildewan7,2025-04-03,18:12:34,-07:00,2025-04-03T18:12:34-07:00,0,4
contact/index.html,11,html,68244cb8,neildewan7,2025-04-16,18:38:41,-07:00,2025-04-16T18:38:41-07:00,1,14
contact/index.html,12,html,27de369e,neildewan7,2025-04-03,18:12:34,-07:00,2025-04-03T18:12:34-07:00,0,0
contact/index.html,13,html,68244cb8,neildewan7,2025-04-16,18:38:41,-07:00,2025-04-16T18:38:41-07:00,1,57
contact/index.html,14,html,68244cb8,neildewan7,2025-04-16,18:38:41,-07:00,2025-04-16T18:38:41-07:00,1,22
contact/index.html,15,html,68244cb8,neildewan7,2025-04-16,18:38:41,-07:00,2025-04-16T18:38:41-07:00,2,20
contact/index.html,16,html,68244cb8,neildewan7,2025-04-16,18:38:41,-07:00,2025-04-16T18:38:41-07:00,2,35
contact/index.html,17,html,68244cb8,neildewan7,2025-04-16,18:38:41,-07:00,2025-04-16T18:38:41-07:00,2,70
contact/index.html,18,html,27de369e,neildewan7,2025-04-03,18:12:34,-07:00,2025-04-03T18:12:34-07:00,0,0
contact/index.html,19,html,68244cb8,neildewan7,2025-04-16,18:38:41,-07:00,2025-04-16T18:38:41-07:00,2,20
contact/index.html,20,html,68244cb8,neildewan7,2025-04-16,18:38:41,-07:00,2025-04-16T18:38:41-07:00,2,32
contact/index.html,21,html,68244cb8,neildewan7,2025-04-16,18:38:41,-07:00,2025-04-16T18:38:41-07:00,2,53
contact/index.html,22,html,27de369e,neildewan7,2025-04-03,18:12:34,-07:00,2025-04-03T18:12:34-07:00,0,0
contact/index.html,23,html,68244cb8,neildewan7,2025-04-16,18:38:41,-07:00,2025-04-16T18:38:41-07:00,2,20
contact/index.html,24,html,68244cb8,neildewan7,2025-04-16,18:38:41,-07:00,2025-04-16T18:38:41-07:00,2,39
contact/index.html,25,html,68244cb8,neildewan7,2025-04-16,18:38:41,-07:00,2025-04-16T18:38:41-07:00,1,5
contact/index.html,26,html,0b68cae9,neildewan7,2025-04-11,16:24:44,-07:00,2025-04-11T16:24:44-07:00,0,0
contact/index.html,27,html,68244cb8,neildewan7,2025-04-16,18:38:41,-07:00,2025-04-16T18:38:41-07:00,1,13
contact/index.html,28,html,68244cb8,neildewan7,2025-04-16,18:38:41,-07:00,2025-04-16T18:38:41-07:00,1,6
contact/index.html,29,html,68244cb8,neildewan7,2025-04-16,18:38:41,-07:00,2025-04-16T18:38:41-07:00,2,15
contact/index.html,30,html,68244cb8,neildewan7,2025-04-16,18:38:41,-07:00,2025-04-16T18:38:41-07:00,1,7
contact/index.html,31,html,27de369e,neildewan7,2025-04-03,18:12:34,-07:00,2025-04-03T18:12:34-07:00,0,5
contact/index.html,32,html,0b68cae9,neildewan7,2025-04-11,16:24:44,-07:00,2025-04-11T16:24:44-07:00,0,5
contact/index.html,33,html,68244cb8,neildewan7,2025-04-16,18:38:41,-07:00,2025-04-16T18:38:41-07:00,0,0
contact/index.html,34,html,68244cb8,neildewan7,2025-04-16,18:38:41,-07:00,2025-04-16T18:38:41-07:00,0,5
